,mean,sd,hdi_3%,hdi_97%,mcse_mean,mcse_sd,ess_bulk,ess_tail,r_hat
alpha[518626],0.15,0.102,-0.037,0.343,0.001,0.001,14779.0,5812.0,1.0
alpha[641857],0.12,0.086,-0.042,0.281,0.001,0.001,15489.0,5849.0,1.0
alpha[663647],0.117,0.083,-0.042,0.268,0.001,0.001,15758.0,6309.0,1.0
alpha[668942],0.139,0.101,-0.054,0.326,0.001,0.001,17135.0,5892.0,1.0
alpha[605113],-0.061,0.11,-0.263,0.147,0.001,0.001,16501.0,5802.0,1.0
alpha[624428],-0.09,0.108,-0.296,0.107,0.001,0.001,16021.0,6347.0,1.0
alpha[650333],-0.013,0.101,-0.195,0.184,0.001,0.001,15549.0,5308.0,1.0
alpha[594838],-0.121,0.138,-0.383,0.134,0.001,0.002,13978.0,5157.0,1.0
alpha[596825],0.019,0.145,-0.239,0.309,0.001,0.002,17636.0,6122.0,1.0
alpha[518586],-0.017,0.126,-0.252,0.223,0.001,0.002,13639.0,5542.0,1.0
alpha[572122],-0.082,0.113,-0.3,0.123,0.001,0.001,14788.0,5467.0,1.0
alpha[669289],0.158,0.103,-0.034,0.347,0.001,0.001,13289.0,5912.0,1.0
alpha[518934],0.2,0.095,0.031,0.385,0.001,0.001,14060.0,5733.0,1.0
alpha[608070],0.135,0.083,-0.017,0.294,0.001,0.001,17603.0,5940.0,1.0
alpha[675656],0.092,0.128,-0.141,0.335,0.001,0.001,12395.0,6398.0,1.0
alpha[621563],0.012,0.107,-0.183,0.221,0.001,0.001,15496.0,5988.0,1.0
alpha[608686],-0.014,0.126,-0.261,0.214,0.001,0.002,17964.0,5496.0,1.0
alpha[644374],-0.031,0.119,-0.258,0.192,0.001,0.001,16022.0,5927.0,1.0
alpha[621028],0.004,0.108,-0.198,0.205,0.001,0.001,15215.0,5250.0,1.0
alpha[650490],-0.269,0.091,-0.438,-0.101,0.001,0.001,13105.0,5956.0,1.0
alpha[665926],0.206,0.102,0.023,0.408,0.001,0.001,12729.0,5603.0,1.0
alpha[570482],-0.021,0.086,-0.18,0.145,0.001,0.001,16986.0,5862.0,1.0
alpha[649966],0.072,0.098,-0.108,0.254,0.001,0.001,15432.0,5667.0,1.0
alpha[462101],0.053,0.107,-0.153,0.251,0.001,0.001,16442.0,6137.0,1.0
alpha[666182],-0.152,0.099,-0.341,0.032,0.001,0.001,15901.0,5363.0,1.0
alpha[578428],0.002,0.109,-0.192,0.214,0.001,0.001,16564.0,5966.0,1.0
alpha[642708],-0.165,0.095,-0.344,0.01,0.001,0.001,17327.0,6465.0,1.0
alpha[650402],0.16,0.098,-0.027,0.342,0.001,0.001,16642.0,5706.0,1.0
alpha[592743],0.106,0.124,-0.125,0.333,0.001,0.002,16278.0,6114.0,1.0
alpha[670764],0.177,0.11,-0.028,0.381,0.001,0.001,13487.0,5403.0,1.0
alpha[664040],0.051,0.11,-0.158,0.257,0.001,0.001,14434.0,5455.0,1.0
alpha[571657],-0.235,0.101,-0.419,-0.039,0.001,0.001,16823.0,5085.0,1.0
alpha[503556],0.03,0.13,-0.206,0.28,0.001,0.002,15506.0,5995.0,1.0
alpha[624414],-0.001,0.127,-0.24,0.239,0.001,0.002,18913.0,5627.0,1.0
alpha[621043],-0.153,0.095,-0.336,0.022,0.001,0.001,11767.0,6188.0,1.0
alpha[543281],0.079,0.118,-0.145,0.299,0.001,0.002,17451.0,5738.0,1.0
alpha[676391],0.094,0.112,-0.113,0.305,0.001,0.001,15129.0,5405.0,1.0
alpha[514917],0.015,0.114,-0.205,0.225,0.001,0.002,15436.0,5158.0,1.0
alpha[543939],0.147,0.114,-0.071,0.358,0.001,0.001,14306.0,6051.0,1.0
alpha[669256],0.124,0.132,-0.119,0.381,0.001,0.002,12177.0,6153.0,1.0
alpha[664058],0.109,0.118,-0.121,0.321,0.001,0.002,13790.0,5758.0,1.0
alpha[622761],0.083,0.105,-0.114,0.278,0.001,0.001,16815.0,5556.0,1.0
alpha[547989],-0.066,0.104,-0.256,0.13,0.001,0.001,15552.0,5886.0,1.0
alpha[596847],-0.016,0.119,-0.246,0.205,0.001,0.002,17230.0,5624.0,1.0
alpha[592518],0.266,0.088,0.098,0.426,0.001,0.001,13544.0,5588.0,1.0
alpha[641313],-0.313,0.097,-0.495,-0.135,0.001,0.001,12009.0,5800.0,1.0
alpha[605612],-0.008,0.117,-0.223,0.21,0.001,0.001,15840.0,6385.0,1.0
alpha[642162],-0.039,0.134,-0.292,0.213,0.001,0.002,18247.0,5390.0,1.0
alpha[641487],-0.132,0.092,-0.302,0.041,0.001,0.001,16942.0,6151.0,1.0
alpha[621550],0.077,0.096,-0.095,0.264,0.001,0.001,13884.0,5942.0,1.0
alpha[592348],-0.039,0.137,-0.296,0.216,0.001,0.002,14954.0,5828.0,1.0
alpha[630105],0.137,0.096,-0.044,0.31,0.001,0.001,14259.0,6678.0,1.0
alpha[592859],-0.001,0.146,-0.269,0.283,0.001,0.002,15805.0,5683.0,1.0
alpha[542340],-0.055,0.126,-0.289,0.18,0.001,0.002,14373.0,6312.0,1.0
alpha[500871],-0.249,0.097,-0.439,-0.073,0.001,0.001,13838.0,6131.0,1.0
alpha[663586],0.051,0.079,-0.09,0.204,0.001,0.001,14930.0,6427.0,1.0
alpha[516770],-0.029,0.13,-0.277,0.204,0.001,0.002,16462.0,5910.0,1.0
alpha[642715],-0.048,0.089,-0.212,0.12,0.001,0.001,17076.0,5674.0,1.0
alpha[645277],0.192,0.104,-0.003,0.392,0.001,0.001,13561.0,6003.0,1.0
alpha[621020],0.18,0.092,0.005,0.351,0.001,0.001,14122.0,5870.0,1.0
alpha[658069],-0.003,0.127,-0.237,0.246,0.001,0.002,15749.0,5224.0,1.0
alpha[656371],-0.08,0.137,-0.348,0.168,0.001,0.002,17237.0,5468.0,1.0
alpha[553993],-0.025,0.078,-0.17,0.126,0.001,0.001,16196.0,5845.0,1.0
alpha[519058],-0.11,0.115,-0.322,0.11,0.001,0.001,13579.0,5860.0,1.0
alpha[664761],-0.16,0.074,-0.295,-0.019,0.001,0.001,15348.0,5879.0,1.0
alpha[570481],0.004,0.131,-0.239,0.255,0.001,0.002,14847.0,5910.0,1.0
alpha[571918],-0.024,0.149,-0.303,0.263,0.001,0.002,16830.0,5143.0,1.0
alpha[594694],-0.034,0.145,-0.305,0.236,0.001,0.002,17355.0,5342.0,1.0
alpha[605119],0.143,0.114,-0.078,0.35,0.001,0.001,12800.0,5995.0,1.0
alpha[553902],0.014,0.134,-0.235,0.267,0.001,0.002,16171.0,6073.0,1.0
alpha[622110],0.013,0.111,-0.188,0.228,0.001,0.001,15017.0,5943.0,1.0
alpha[660162],0.112,0.097,-0.069,0.293,0.001,0.001,16935.0,6092.0,1.0
alpha[457759],-0.023,0.107,-0.218,0.18,0.001,0.001,15617.0,5579.0,1.0
alpha[500743],-0.0,0.103,-0.183,0.204,0.001,0.001,14968.0,6103.0,1.0
alpha[642727],-0.199,0.124,-0.431,0.037,0.001,0.002,15449.0,5460.0,1.0
alpha[596115],0.024,0.112,-0.183,0.236,0.001,0.001,18318.0,6045.0,1.0
alpha[595879],-0.095,0.092,-0.264,0.081,0.001,0.001,17714.0,5729.0,1.0
alpha[474568],0.07,0.143,-0.196,0.34,0.001,0.002,15639.0,6146.0,1.0
alpha[596019],0.103,0.094,-0.065,0.287,0.001,0.001,14333.0,5934.0,1.0
alpha[458015],-0.065,0.126,-0.296,0.178,0.001,0.002,16499.0,5132.0,1.0
alpha[516416],-0.014,0.1,-0.193,0.186,0.001,0.001,19031.0,5890.0,1.0
alpha[456781],0.023,0.109,-0.18,0.229,0.001,0.001,15069.0,5971.0,1.0
alpha[665155],-0.052,0.124,-0.281,0.183,0.001,0.001,13883.0,6210.0,1.0
alpha[656252],0.024,0.144,-0.25,0.29,0.001,0.002,18917.0,5548.0,1.0
alpha[519203],-0.075,0.103,-0.271,0.118,0.001,0.001,15148.0,6136.0,1.0
alpha[408234],-0.027,0.146,-0.289,0.257,0.001,0.002,14465.0,5936.0,1.0
alpha[592567],0.005,0.138,-0.248,0.264,0.001,0.002,15586.0,5745.0,1.0
alpha[656305],-0.136,0.091,-0.3,0.037,0.001,0.001,17049.0,5468.0,1.0
alpha[608324],0.001,0.078,-0.138,0.151,0.001,0.001,14147.0,6119.0,1.0
alpha[643289],0.012,0.121,-0.226,0.231,0.001,0.002,17213.0,6049.0,1.0
alpha[571788],0.054,0.132,-0.184,0.311,0.001,0.002,17584.0,5887.0,1.0
alpha[600869],0.011,0.082,-0.138,0.168,0.001,0.001,14055.0,5816.0,1.0
alpha[602104],0.052,0.092,-0.114,0.231,0.001,0.001,14806.0,5743.0,1.0
alpha[643396],-0.096,0.096,-0.271,0.086,0.001,0.001,16218.0,5440.0,1.0
alpha[664238],0.174,0.12,-0.05,0.4,0.001,0.001,14310.0,6053.0,1.0
alpha[621566],0.043,0.097,-0.132,0.232,0.001,0.001,17403.0,5505.0,1.0
alpha[666915],-0.088,0.114,-0.303,0.124,0.001,0.002,17136.0,5241.0,1.0
alpha[514888],-0.021,0.103,-0.224,0.165,0.001,0.001,15447.0,6083.0,1.0
alpha[641343],0.118,0.136,-0.131,0.372,0.001,0.002,15544.0,6003.0,1.0
alpha[642721],-0.027,0.124,-0.249,0.215,0.001,0.002,16736.0,5311.0,1.0
alpha[646240],-0.064,0.078,-0.211,0.083,0.001,0.001,12298.0,5938.0,1.0
alpha[596059],-0.096,0.118,-0.318,0.121,0.001,0.001,16438.0,5892.0,1.0
alpha[669394],-0.036,0.102,-0.225,0.155,0.001,0.001,15612.0,5808.0,1.0
alpha[660620],0.066,0.136,-0.188,0.322,0.001,0.002,16433.0,6124.0,1.0
alpha[596748],0.047,0.102,-0.154,0.231,0.001,0.001,13111.0,6188.0,1.0
alpha[593428],-0.09,0.09,-0.254,0.082,0.001,0.001,14920.0,5970.0,1.0
alpha[544725],-0.099,0.133,-0.342,0.158,0.001,0.002,18701.0,6057.0,1.0
alpha[570731],0.117,0.115,-0.085,0.345,0.001,0.002,15440.0,5410.0,1.0
alpha[593934],-0.057,0.132,-0.298,0.195,0.001,0.002,18516.0,5733.0,1.0
alpha[493329],-0.108,0.116,-0.326,0.106,0.001,0.001,16257.0,6186.0,1.0
alpha[591720],-0.044,0.131,-0.283,0.208,0.001,0.002,16145.0,5077.0,1.0
alpha[520471],-0.059,0.13,-0.304,0.176,0.001,0.002,16337.0,6362.0,1.0
alpha[446334],0.03,0.11,-0.172,0.236,0.001,0.001,15537.0,6218.0,1.0
alpha[543063],0.04,0.103,-0.15,0.232,0.001,0.001,14639.0,6388.0,1.0
alpha[544369],-0.142,0.115,-0.362,0.07,0.001,0.002,15667.0,5615.0,1.0
alpha[663898],-0.05,0.107,-0.26,0.147,0.001,0.001,16129.0,6053.0,1.0
alpha[543068],0.128,0.103,-0.069,0.315,0.001,0.001,16565.0,5537.0,1.0
alpha[647351],0.031,0.108,-0.178,0.228,0.001,0.001,14348.0,6018.0,1.0
alpha[518692],-0.107,0.099,-0.286,0.082,0.001,0.001,14462.0,5735.0,1.0
alpha[641658],0.12,0.125,-0.115,0.36,0.001,0.002,16140.0,5807.0,1.0
alpha[571970],0.09,0.096,-0.092,0.271,0.001,0.001,16326.0,5799.0,1.0
alpha[474832],-0.008,0.122,-0.226,0.228,0.001,0.002,13362.0,6079.0,1.0
alpha[542583],-0.039,0.124,-0.267,0.2,0.001,0.002,14995.0,5853.0,1.0
alpha[502671],-0.149,0.095,-0.319,0.038,0.001,0.001,13834.0,5968.0,1.0
alpha[605137],0.038,0.111,-0.172,0.249,0.001,0.001,17740.0,5788.0,1.0
alpha[519048],0.016,0.15,-0.265,0.3,0.001,0.002,17292.0,5682.0,1.0
alpha[527038],-0.047,0.102,-0.233,0.15,0.001,0.001,13053.0,5555.0,1.0
alpha[543543],-0.152,0.135,-0.396,0.111,0.001,0.002,18885.0,5795.0,1.0
alpha[666801],0.027,0.125,-0.198,0.273,0.001,0.002,17691.0,5727.0,1.0
alpha[592178],-0.016,0.137,-0.276,0.238,0.001,0.002,19155.0,5359.0,1.0
alpha[650489],-0.009,0.118,-0.239,0.211,0.001,0.002,17958.0,5717.0,1.0
alpha[461865],-0.047,0.147,-0.323,0.235,0.001,0.002,15560.0,5627.0,1.0
alpha[591971],-0.01,0.147,-0.302,0.252,0.001,0.002,15204.0,5856.0,1.0
alpha[657193],0.044,0.142,-0.221,0.308,0.001,0.002,15646.0,6082.0,1.0
alpha[656716],0.013,0.113,-0.203,0.225,0.001,0.002,15412.0,5768.0,1.0
alpha[665487],-0.272,0.14,-0.536,-0.007,0.001,0.002,12229.0,5770.0,1.0
alpha[663697],0.042,0.115,-0.171,0.257,0.001,0.002,19260.0,5980.0,1.0
alpha[543333],-0.138,0.132,-0.393,0.101,0.001,0.002,13968.0,5559.0,1.0
alpha[605412],-0.006,0.137,-0.282,0.236,0.001,0.002,14603.0,6500.0,1.0
alpha[656555],0.097,0.099,-0.086,0.284,0.001,0.001,14251.0,5784.0,1.0
alpha[592663],-0.038,0.149,-0.307,0.253,0.001,0.002,14746.0,5112.0,1.0
alpha[641820],-0.047,0.131,-0.304,0.197,0.001,0.002,18256.0,5617.0,1.0
alpha[660294],-0.053,0.144,-0.318,0.222,0.001,0.002,15649.0,5816.0,1.0
alpha[663886],-0.076,0.147,-0.347,0.208,0.001,0.002,15762.0,5356.0,1.0
alpha[641531],-0.061,0.125,-0.303,0.165,0.001,0.002,15886.0,5781.0,1.0
alpha[641914],0.061,0.133,-0.188,0.309,0.001,0.002,18131.0,6242.0,1.0
alpha[592273],0.024,0.115,-0.187,0.245,0.001,0.001,15390.0,5958.0,1.0
alpha[605204],-0.213,0.104,-0.414,-0.022,0.001,0.001,15279.0,6241.0,1.0
alpha[666158],0.072,0.12,-0.147,0.305,0.001,0.002,18122.0,5358.0,1.0
alpha[607208],-0.004,0.082,-0.162,0.15,0.001,0.001,17275.0,5390.0,1.0
alpha[623520],0.157,0.128,-0.088,0.395,0.001,0.002,14176.0,6061.0,1.0
alpha[624413],-0.094,0.101,-0.284,0.094,0.001,0.001,16089.0,5259.0,1.0
alpha[405395],-0.062,0.142,-0.322,0.208,0.001,0.002,16704.0,5408.0,1.0
alpha[641645],-0.078,0.115,-0.296,0.137,0.001,0.001,16761.0,5795.0,1.0
alpha[642086],0.038,0.117,-0.176,0.264,0.001,0.001,11310.0,5222.0,1.0
alpha[666198],-0.069,0.135,-0.322,0.187,0.001,0.002,15373.0,5487.0,1.0
alpha[571448],0.171,0.082,0.024,0.336,0.001,0.001,15798.0,5318.0,1.0
alpha[657557],0.057,0.098,-0.121,0.244,0.001,0.001,16489.0,6207.0,1.0
alpha[444876],-0.151,0.133,-0.405,0.098,0.001,0.002,15572.0,6143.0,1.0
alpha[672701],-0.005,0.149,-0.276,0.292,0.001,0.002,16669.0,5739.0,1.0
alpha[501303],0.013,0.141,-0.243,0.287,0.001,0.002,17948.0,5639.0,1.0
alpha[596129],-0.01,0.142,-0.265,0.27,0.001,0.002,16130.0,6037.0,1.0
alpha[665862],0.099,0.122,-0.127,0.326,0.001,0.002,16276.0,6078.0,1.0
alpha[643393],0.033,0.125,-0.206,0.266,0.001,0.002,15892.0,5616.0,1.0
alpha[628451],0.1,0.12,-0.13,0.321,0.001,0.002,17613.0,5387.0,1.0
alpha[677551],0.018,0.109,-0.182,0.221,0.001,0.001,15914.0,5683.0,1.0
alpha[595943],-0.043,0.146,-0.324,0.225,0.001,0.002,16031.0,5424.0,1.0
alpha[643446],0.114,0.115,-0.097,0.336,0.001,0.001,15848.0,6185.0,1.0
alpha[656976],-0.063,0.143,-0.335,0.202,0.001,0.002,16397.0,5242.0,1.0
alpha[572233],0.164,0.096,-0.016,0.346,0.001,0.001,17347.0,5839.0,1.0
alpha[572761],-0.024,0.139,-0.29,0.234,0.001,0.002,18438.0,5864.0,1.0
alpha[673490],0.098,0.098,-0.091,0.275,0.001,0.001,13524.0,5947.0,1.0
alpha[670032],-0.045,0.1,-0.243,0.136,0.001,0.001,16877.0,5680.0,1.0
alpha[624641],-0.083,0.102,-0.281,0.105,0.001,0.001,15184.0,5730.0,1.0
alpha[600303],-0.048,0.142,-0.307,0.228,0.001,0.002,14866.0,5824.0,1.0
alpha[669242],0.161,0.108,-0.041,0.367,0.001,0.001,13273.0,5814.0,1.0
alpha[519299],0.086,0.143,-0.183,0.35,0.001,0.002,14870.0,5382.0,1.0
alpha[607468],0.026,0.148,-0.249,0.303,0.001,0.002,18637.0,6209.0,1.0
alpha[649557],-0.024,0.116,-0.24,0.201,0.001,0.002,15507.0,5190.0,1.0
alpha[452678],0.028,0.135,-0.222,0.281,0.001,0.002,16514.0,5636.0,1.0
alpha[543685],0.056,0.11,-0.152,0.259,0.001,0.001,12958.0,6255.0,1.0
alpha[545121],0.018,0.107,-0.183,0.22,0.001,0.001,16085.0,6202.0,1.0
alpha[621035],-0.046,0.122,-0.282,0.175,0.001,0.002,19534.0,4643.0,1.0
alpha[642165],-0.045,0.132,-0.29,0.208,0.001,0.002,15971.0,5999.0,1.0
alpha[595777],0.041,0.147,-0.235,0.315,0.001,0.002,17993.0,6317.0,1.0
alpha[543768],-0.137,0.131,-0.395,0.099,0.001,0.002,15024.0,6212.0,1.0
alpha[670623],0.033,0.094,-0.148,0.205,0.001,0.001,16375.0,5461.0,1.0
alpha[613564],-0.043,0.137,-0.295,0.223,0.001,0.002,12444.0,6093.0,1.0
alpha[542932],-0.019,0.107,-0.215,0.179,0.001,0.001,14281.0,6223.0,1.0
alpha[622569],-0.006,0.136,-0.256,0.251,0.001,0.002,15528.0,5848.0,1.0
alpha[664034],-0.133,0.1,-0.315,0.062,0.001,0.001,16203.0,5428.0,1.0
alpha[656403],-0.088,0.144,-0.346,0.19,0.001,0.002,13339.0,5934.0,1.0
alpha[572008],-0.145,0.148,-0.433,0.126,0.001,0.002,14384.0,5774.0,1.0
alpha[663897],0.077,0.138,-0.185,0.332,0.001,0.002,17974.0,5338.0,1.0
alpha[666213],0.016,0.149,-0.258,0.306,0.001,0.002,18237.0,4653.0,1.0
alpha[669222],-0.091,0.122,-0.319,0.135,0.001,0.002,16912.0,5437.0,1.0
alpha[672695],0.029,0.096,-0.152,0.209,0.001,0.001,18145.0,5547.0,1.0
alpha[608369],0.106,0.098,-0.077,0.291,0.001,0.001,16471.0,6031.0,1.0
alpha[606466],-0.023,0.109,-0.215,0.189,0.001,0.001,15334.0,5955.0,1.0
alpha[596056],-0.035,0.146,-0.312,0.242,0.001,0.002,15272.0,6280.0,1.0
alpha[607054],0.022,0.106,-0.174,0.222,0.001,0.001,15620.0,6390.0,1.0
alpha[642133],-0.044,0.102,-0.231,0.156,0.001,0.001,17434.0,5359.0,1.0
alpha[670712],-0.071,0.13,-0.323,0.168,0.001,0.002,13175.0,5730.0,1.0
alpha[543760],0.282,0.095,0.107,0.461,0.001,0.001,14641.0,5914.0,1.0
alpha[547004],0.112,0.143,-0.151,0.383,0.001,0.002,18464.0,5227.0,1.0
alpha[656308],-0.008,0.131,-0.246,0.235,0.001,0.002,17301.0,5734.0,1.0
alpha[642336],0.012,0.148,-0.267,0.283,0.001,0.002,13226.0,6027.0,1.0
alpha[665489],-0.007,0.101,-0.202,0.177,0.001,0.001,18129.0,5517.0,1.0
alpha[663624],-0.058,0.101,-0.253,0.126,0.001,0.001,15065.0,5330.0,1.0
alpha[467793],0.118,0.101,-0.069,0.304,0.001,0.001,14590.0,5750.0,1.0
alpha[665120],0.064,0.122,-0.169,0.288,0.001,0.002,17808.0,5474.0,1.0
alpha[663993],0.054,0.104,-0.135,0.255,0.001,0.001,15111.0,5786.0,1.0
alpha[593871],0.155,0.112,-0.068,0.36,0.001,0.001,15408.0,5806.0,1.0
alpha[660634],0.118,0.14,-0.128,0.398,0.001,0.002,14404.0,5932.0,1.0
alpha[624415],0.029,0.11,-0.176,0.231,0.001,0.001,17941.0,5597.0,1.0
alpha[571771],0.022,0.115,-0.193,0.237,0.001,0.001,17197.0,5996.0,1.0
alpha[622268],0.085,0.139,-0.186,0.342,0.001,0.002,15870.0,5534.0,1.0
alpha[621500],0.011,0.154,-0.28,0.305,0.001,0.002,16005.0,5422.0,1.0
alpha[572228],0.092,0.137,-0.156,0.361,0.001,0.002,13249.0,5949.0,1.0
alpha[670097],0.041,0.116,-0.173,0.259,0.001,0.001,15162.0,6578.0,1.0
alpha[642180],-0.019,0.123,-0.242,0.214,0.001,0.001,14766.0,5230.0,1.0
alpha[663611],0.104,0.116,-0.111,0.322,0.001,0.001,16017.0,5776.0,1.0
alpha[664901],-0.069,0.125,-0.306,0.161,0.001,0.002,15499.0,6021.0,1.0
alpha[663538],-0.121,0.094,-0.295,0.059,0.001,0.001,14868.0,5885.0,1.0
alpha[650859],0.008,0.106,-0.189,0.202,0.001,0.001,16881.0,5847.0,1.0
alpha[475582],-0.01,0.141,-0.277,0.254,0.001,0.002,17200.0,5497.0,1.0
alpha[656896],-0.179,0.106,-0.383,0.012,0.001,0.001,16048.0,5932.0,1.0
alpha[593160],0.029,0.115,-0.18,0.251,0.001,0.001,17466.0,6081.0,1.0
alpha[657108],0.03,0.145,-0.244,0.3,0.001,0.002,15645.0,5640.0,1.0
alpha[656811],-0.004,0.128,-0.241,0.234,0.001,0.001,17597.0,5892.0,1.0
alpha[645801],-0.015,0.143,-0.276,0.258,0.001,0.002,16574.0,5478.0,1.0
alpha[642731],-0.074,0.106,-0.275,0.122,0.001,0.001,17093.0,5924.0,1.0
alpha[670351],-0.024,0.139,-0.3,0.226,0.001,0.002,14662.0,5968.0,1.0
alpha[518902],0.021,0.154,-0.269,0.308,0.001,0.002,13387.0,5889.0,1.0
alpha[600524],-0.049,0.149,-0.325,0.233,0.001,0.002,16273.0,5530.0,1.0
alpha[640461],-0.069,0.148,-0.334,0.223,0.001,0.002,15633.0,5695.0,1.0
alpha[642736],0.044,0.147,-0.227,0.317,0.001,0.002,13970.0,5130.0,1.0
alpha[660829],-0.042,0.144,-0.316,0.224,0.001,0.002,18084.0,5895.0,1.0
alpha[476704],-0.09,0.141,-0.36,0.17,0.001,0.002,13822.0,6111.0,1.0
alpha[643418],0.013,0.151,-0.259,0.304,0.001,0.002,16268.0,6135.0,1.0
alpha[621002],-0.048,0.147,-0.333,0.215,0.001,0.002,15991.0,5954.0,1.0
alpha[669374],-0.054,0.134,-0.298,0.191,0.001,0.002,16595.0,5990.0,1.0
alpha[571875],0.028,0.14,-0.238,0.284,0.001,0.002,17793.0,5552.0,1.0
alpha[621006],0.047,0.141,-0.223,0.307,0.001,0.002,19727.0,5744.0,1.0
alpha[624503],0.089,0.142,-0.194,0.34,0.001,0.002,18277.0,5899.0,1.0
alpha[664774],0.099,0.115,-0.116,0.314,0.001,0.001,15040.0,5930.0,1.0
alpha[542454],0.012,0.15,-0.272,0.293,0.001,0.002,16582.0,5664.0,1.0
alpha[666135],-0.05,0.141,-0.31,0.221,0.001,0.002,17344.0,5577.0,1.0
alpha[502273],-0.013,0.148,-0.288,0.269,0.001,0.002,16998.0,5473.0,1.0
alpha[621458],-0.015,0.149,-0.283,0.266,0.001,0.002,17751.0,5937.0,1.0
alpha[573131],-0.025,0.141,-0.284,0.242,0.001,0.002,15952.0,5386.0,1.0
alpha[672779],-0.043,0.141,-0.304,0.222,0.001,0.002,19504.0,4953.0,1.0
alpha[593643],0.08,0.129,-0.152,0.33,0.001,0.001,15345.0,6390.0,1.0
alpha[680911],0.066,0.114,-0.156,0.277,0.001,0.001,16217.0,5931.0,1.0
alpha[666971],0.017,0.147,-0.265,0.284,0.001,0.002,15191.0,5773.0,1.0
alpha[592530],-0.04,0.148,-0.317,0.237,0.001,0.002,14772.0,5506.0,1.0
alpha[643524],0.094,0.142,-0.17,0.365,0.001,0.002,13244.0,5897.0,1.0
alpha[671277],-0.137,0.107,-0.33,0.074,0.001,0.001,15970.0,5332.0,1.0
alpha[443558],0.004,0.15,-0.278,0.29,0.001,0.002,17541.0,5972.0,1.0
alpha[663853],0.087,0.129,-0.156,0.33,0.001,0.002,13108.0,5887.0,1.0
alpha[650331],0.001,0.142,-0.281,0.259,0.001,0.002,15981.0,5770.0,1.0
alpha[595751],-0.048,0.149,-0.323,0.236,0.001,0.002,15288.0,6527.0,1.0
alpha[663330],-0.009,0.146,-0.289,0.259,0.001,0.002,15302.0,5071.0,1.0
alpha[656941],-0.042,0.152,-0.333,0.234,0.001,0.002,15108.0,5804.0,1.0
alpha[622666],0.005,0.141,-0.254,0.274,0.001,0.002,14787.0,6096.0,1.0
alpha[643269],0.037,0.151,-0.249,0.32,0.001,0.002,15131.0,5853.0,1.0
alpha[614173],-0.065,0.146,-0.356,0.196,0.001,0.002,14517.0,6110.0,1.0
alpha[647304],0.177,0.112,-0.029,0.394,0.001,0.001,12851.0,5874.0,1.0
alpha[506703],0.046,0.15,-0.246,0.319,0.001,0.002,17393.0,5991.0,1.0
alpha[664670],0.023,0.14,-0.235,0.284,0.001,0.002,19722.0,5621.0,1.0
alpha[683734],0.13,0.106,-0.068,0.332,0.001,0.001,16828.0,6539.0,1.0
alpha[642221],-0.013,0.15,-0.298,0.264,0.001,0.002,16629.0,5846.0,1.0
alpha[621011],0.019,0.15,-0.26,0.306,0.001,0.002,19438.0,5587.0,1.0
alpha[571431],0.016,0.153,-0.276,0.302,0.001,0.002,14446.0,5781.0,1.0
alpha[642201],0.003,0.15,-0.278,0.288,0.001,0.002,11941.0,5732.0,1.0
alpha[676900],-0.01,0.151,-0.296,0.27,0.001,0.002,15488.0,5878.0,1.0
alpha[676701],-0.156,0.129,-0.402,0.083,0.001,0.002,12012.0,5892.0,1.0
alpha[643265],0.057,0.131,-0.183,0.305,0.001,0.002,16106.0,5705.0,1.0
alpha[519390],-0.007,0.149,-0.294,0.263,0.001,0.002,13701.0,5898.0,1.0
alpha[606299],0.032,0.141,-0.235,0.299,0.001,0.002,15501.0,6144.0,1.0
alpha[670370],0.006,0.15,-0.274,0.282,0.001,0.002,14372.0,5933.0,1.0
alpha[642136],0.035,0.147,-0.231,0.324,0.001,0.002,13833.0,5842.0,1.0
alpha[606115],-0.034,0.1,-0.218,0.162,0.001,0.001,17181.0,5884.0,1.0
alpha[605170],-0.023,0.152,-0.3,0.266,0.001,0.002,17383.0,6213.0,1.0
alpha[656821],0.038,0.149,-0.237,0.328,0.001,0.002,16735.0,5647.0,1.0
alpha[595375],-0.026,0.15,-0.299,0.264,0.001,0.002,15526.0,5871.0,1.0
alpha[656467],0.02,0.152,-0.264,0.306,0.001,0.002,14216.0,5512.0,1.0
alpha[656669],-0.017,0.148,-0.313,0.249,0.001,0.002,16395.0,5961.0,1.0
alpha[621559],-0.027,0.149,-0.307,0.254,0.001,0.002,16333.0,5363.0,1.0
alpha[623205],0.042,0.128,-0.202,0.278,0.001,0.002,17137.0,5158.0,1.0
alpha[676480],-0.113,0.136,-0.368,0.145,0.001,0.002,15624.0,5117.0,1.0
alpha[541600],0.011,0.149,-0.253,0.31,0.001,0.002,15326.0,6313.0,1.0
alpha[657757],0.075,0.131,-0.178,0.313,0.001,0.002,14581.0,6234.0,1.0
alpha[609275],0.011,0.139,-0.247,0.271,0.001,0.002,15947.0,5549.0,1.0
alpha[657061],-0.089,0.148,-0.365,0.181,0.001,0.002,14806.0,5419.0,1.0
alpha[605353],0.008,0.136,-0.247,0.266,0.001,0.002,17595.0,6052.0,1.0
alpha[656582],0.1,0.126,-0.134,0.335,0.001,0.001,13171.0,6167.0,1.0
alpha[607461],0.033,0.147,-0.257,0.299,0.001,0.002,15181.0,5365.0,1.0
alpha[602922],0.036,0.151,-0.252,0.322,0.001,0.002,16279.0,5175.0,1.0
alpha[453943],-0.052,0.149,-0.326,0.224,0.001,0.002,15410.0,5864.0,1.0
alpha[664059],0.031,0.15,-0.264,0.299,0.001,0.002,15826.0,5986.0,1.0
alpha[641355],0.064,0.137,-0.196,0.315,0.001,0.002,13686.0,6240.0,1.0
alpha[641598],-0.016,0.155,-0.305,0.273,0.001,0.002,14799.0,5785.0,1.0
alpha[606993],0.013,0.147,-0.264,0.286,0.001,0.002,15405.0,6076.0,1.0
alpha[663837],-0.026,0.127,-0.26,0.215,0.001,0.002,18606.0,5784.0,1.0
alpha[605346],-0.011,0.146,-0.293,0.254,0.001,0.002,16328.0,5729.0,1.0
alpha[622168],-0.007,0.144,-0.261,0.282,0.001,0.002,17624.0,5989.0,1.0
alpha[664023],0.008,0.156,-0.278,0.31,0.001,0.002,16033.0,5730.0,1.0
alpha[457803],-0.01,0.153,-0.302,0.273,0.001,0.002,15062.0,5462.0,1.0
alpha[425877],0.016,0.148,-0.262,0.297,0.001,0.002,15136.0,6556.0,1.0
alpha[660644],-0.009,0.124,-0.233,0.236,0.001,0.002,17397.0,5851.0,1.0
alpha[641924],0.009,0.153,-0.284,0.29,0.001,0.002,18535.0,6000.0,1.0
alpha[518735],-0.016,0.148,-0.297,0.262,0.001,0.002,15652.0,5883.0,1.0
alpha[543510],-0.049,0.151,-0.333,0.233,0.001,0.002,15374.0,6028.0,1.0
alpha[609280],-0.002,0.154,-0.287,0.289,0.001,0.002,17708.0,5500.0,1.0
alpha[542992],-0.032,0.15,-0.327,0.239,0.001,0.002,16278.0,5588.0,1.0
alpha[607111],0.004,0.151,-0.279,0.29,0.001,0.002,14820.0,5330.0,1.0
alpha[600301],0.023,0.144,-0.25,0.284,0.001,0.002,19062.0,5461.0,1.0
alpha[665833],0.005,0.113,-0.201,0.225,0.001,0.001,16151.0,6359.0,1.0
alpha[641856],-0.014,0.152,-0.304,0.266,0.001,0.002,14805.0,6032.0,1.0
alpha[543877],0.034,0.15,-0.252,0.306,0.001,0.002,17232.0,6035.0,1.0
alpha[506702],-0.008,0.152,-0.287,0.287,0.001,0.002,15930.0,5598.0,1.0
alpha[663905],-0.011,0.152,-0.305,0.268,0.001,0.002,15629.0,5480.0,1.0
alpha[623508],0.011,0.152,-0.271,0.297,0.001,0.002,15780.0,6245.0,1.0
alpha[493472],0.008,0.155,-0.279,0.295,0.001,0.002,17392.0,5800.0,1.0
alpha[595981],-0.002,0.15,-0.284,0.275,0.001,0.002,16550.0,5964.0,1.0
alpha[620443],0.001,0.152,-0.286,0.287,0.001,0.002,17616.0,5926.0,1.0
alpha[663527],-0.069,0.129,-0.313,0.173,0.001,0.002,18155.0,5312.0,1.0
alpha[622668],0.014,0.152,-0.276,0.294,0.001,0.002,17234.0,5982.0,1.0
alpha[488671],0.001,0.149,-0.282,0.277,0.001,0.002,17392.0,5523.0,1.0
alpha[664068],0.004,0.152,-0.28,0.296,0.001,0.002,17567.0,5470.0,1.0
alpha[606336],0.005,0.151,-0.29,0.277,0.001,0.002,16651.0,5631.0,1.0
alpha[608597],-0.003,0.15,-0.285,0.273,0.001,0.002,16897.0,5164.0,1.0
alpha[660731],0.009,0.15,-0.271,0.291,0.001,0.002,19764.0,5705.0,1.0
alpha[664913],-0.001,0.135,-0.251,0.254,0.001,0.002,16656.0,5177.0,1.0
alpha[677951],-0.176,0.09,-0.355,-0.02,0.001,0.001,13912.0,5676.0,1.0
alpha[681082],-0.056,0.092,-0.23,0.115,0.001,0.001,13393.0,6014.0,1.0
alpha[676625],0.019,0.144,-0.261,0.276,0.001,0.002,13021.0,6010.0,1.0
alpha[672356],0.002,0.127,-0.225,0.249,0.001,0.002,18095.0,5662.0,1.0
alpha[665161],0.039,0.103,-0.16,0.224,0.001,0.001,13547.0,5674.0,1.0
alpha[683002],0.097,0.096,-0.082,0.281,0.001,0.001,18088.0,5620.0,1.0
alpha[650339],-0.038,0.147,-0.316,0.238,0.001,0.002,18580.0,5926.0,1.0
alpha[668715],0.026,0.12,-0.203,0.252,0.001,0.002,15764.0,5404.0,1.0
alpha[682928],0.036,0.095,-0.146,0.213,0.001,0.001,16797.0,5593.0,1.0
alpha[673962],0.077,0.102,-0.104,0.278,0.001,0.001,16633.0,5599.0,1.0
alpha[429664],0.0,0.149,-0.271,0.297,0.001,0.002,15317.0,5640.0,1.0
alpha[608703],0.004,0.138,-0.247,0.276,0.001,0.002,16909.0,5992.0,1.0
alpha[660636],0.066,0.139,-0.195,0.328,0.001,0.002,17519.0,5695.0,1.0
alpha[683146],-0.145,0.11,-0.35,0.065,0.001,0.001,11705.0,5130.0,1.0
alpha[656495],0.009,0.152,-0.271,0.298,0.001,0.002,16709.0,6444.0,1.0
alpha[680977],-0.031,0.12,-0.262,0.185,0.001,0.002,17407.0,5713.0,1.0
alpha[666624],-0.157,0.117,-0.381,0.056,0.001,0.001,15428.0,5772.0,1.0
alpha[669911],0.033,0.128,-0.21,0.265,0.001,0.002,15664.0,5916.0,1.0
alpha[664731],0.067,0.149,-0.214,0.344,0.001,0.002,14346.0,5812.0,1.0
alpha[663845],-0.046,0.133,-0.291,0.212,0.001,0.002,16450.0,5721.0,1.0
alpha[676632],-0.028,0.143,-0.303,0.229,0.001,0.002,16233.0,5810.0,1.0
alpha[677954],0.075,0.143,-0.193,0.342,0.001,0.002,16708.0,6087.0,1.0
alpha[669304],0.017,0.114,-0.187,0.239,0.001,0.002,19138.0,5006.0,1.0
alpha[678662],0.058,0.112,-0.141,0.278,0.001,0.001,15345.0,5596.0,1.0
alpha[660707],-0.052,0.123,-0.281,0.178,0.001,0.002,19137.0,6101.0,1.0
alpha[669701],0.082,0.107,-0.131,0.274,0.001,0.001,17267.0,5509.0,1.0
alpha[668952],0.055,0.134,-0.201,0.303,0.001,0.002,15604.0,6216.0,1.0
alpha[668904],-0.07,0.122,-0.303,0.154,0.001,0.002,15697.0,5876.0,1.0
alpha[669397],-0.052,0.12,-0.277,0.177,0.001,0.001,15526.0,5951.0,1.0
alpha[686681],-0.173,0.118,-0.393,0.053,0.001,0.001,14327.0,6341.0,1.0
alpha[668472],0.122,0.132,-0.111,0.386,0.001,0.002,17256.0,5359.0,1.0
alpha[679529],0.056,0.109,-0.15,0.255,0.001,0.001,19314.0,5528.0,1.0
alpha[683021],0.087,0.148,-0.196,0.359,0.001,0.002,13235.0,5621.0,1.0
alpha[543829],-0.021,0.15,-0.297,0.263,0.001,0.002,16788.0,5760.0,1.0
alpha[670156],-0.103,0.13,-0.347,0.143,0.001,0.002,15036.0,6109.0,1.0
alpha[669742],-0.004,0.144,-0.278,0.258,0.001,0.002,17565.0,5470.0,1.0
alpha[606019],-0.013,0.149,-0.29,0.278,0.001,0.002,16431.0,5877.0,1.0
alpha[669357],-0.073,0.114,-0.287,0.144,0.001,0.001,16016.0,5391.0,1.0
alpha[677649],-0.055,0.115,-0.268,0.163,0.001,0.001,18078.0,5788.0,1.0
alpha[687093],-0.061,0.133,-0.305,0.191,0.001,0.002,16320.0,6065.0,1.0
alpha[623912],-0.031,0.144,-0.31,0.234,0.001,0.002,15979.0,5698.0,1.0
alpha[664029],-0.014,0.147,-0.289,0.263,0.001,0.002,17429.0,5762.0,1.0
alpha[665019],0.044,0.128,-0.192,0.29,0.001,0.002,19674.0,5842.0,1.0
alpha[666018],-0.004,0.14,-0.263,0.269,0.001,0.002,14714.0,5878.0,1.0
alpha[570560],0.017,0.149,-0.257,0.303,0.001,0.002,17526.0,5850.0,1.0
alpha[641779],0.081,0.142,-0.189,0.344,0.001,0.002,14573.0,5728.0,1.0
alpha[608841],-0.031,0.129,-0.26,0.228,0.001,0.002,16130.0,5650.0,1.0
alpha[571976],0.01,0.145,-0.254,0.291,0.001,0.002,15978.0,5739.0,1.0
alpha[681584],-0.1,0.133,-0.337,0.158,0.001,0.002,17240.0,5640.0,1.0
alpha[679631],-0.051,0.152,-0.339,0.233,0.001,0.002,15272.0,5753.0,1.0
alpha[671213],-0.016,0.116,-0.234,0.203,0.001,0.001,14134.0,5933.0,1.0
alpha[665650],0.009,0.149,-0.281,0.277,0.001,0.002,13150.0,5866.0,1.0
alpha[676946],-0.092,0.139,-0.352,0.165,0.001,0.002,17492.0,5887.0,1.0
alpha[678894],0.046,0.141,-0.223,0.315,0.001,0.002,14572.0,6247.0,1.0
alpha[672724],-0.087,0.136,-0.347,0.16,0.001,0.002,13311.0,5905.0,1.0
alpha[669023],0.013,0.145,-0.251,0.293,0.001,0.002,18037.0,6011.0,1.0
alpha[672515],0.002,0.153,-0.284,0.299,0.001,0.002,18187.0,6139.0,1.0
alpha[671083],0.037,0.147,-0.235,0.312,0.001,0.002,16836.0,5622.0,1.0
alpha[681146],-0.046,0.128,-0.295,0.186,0.001,0.002,16398.0,6195.0,1.0
alpha[676950],-0.026,0.148,-0.304,0.254,0.001,0.002,19233.0,5259.0,1.0
alpha[686469],0.168,0.123,-0.054,0.408,0.001,0.002,14882.0,5539.0,1.0
alpha[660766],0.059,0.142,-0.211,0.332,0.001,0.002,13109.0,6079.0,1.0
alpha[571602],-0.048,0.148,-0.315,0.238,0.001,0.002,15980.0,5970.0,1.0
alpha[542194],0.009,0.149,-0.271,0.285,0.001,0.002,17648.0,6247.0,1.0
alpha[605141],-0.052,0.129,-0.291,0.193,0.001,0.002,13782.0,5847.0,1.0
alpha[671289],-0.156,0.131,-0.392,0.098,0.001,0.002,12814.0,6439.0,1.0
alpha[681987],-0.075,0.15,-0.351,0.206,0.001,0.002,15375.0,5874.0,1.0
alpha[660650],-0.033,0.148,-0.306,0.246,0.001,0.002,15962.0,5081.0,1.0
alpha[676475],0.022,0.146,-0.244,0.291,0.001,0.002,15567.0,5904.0,1.0
alpha[665154],0.006,0.153,-0.286,0.285,0.001,0.002,13496.0,6237.0,1.0
alpha[656388],0.018,0.153,-0.246,0.325,0.001,0.002,16698.0,6017.0,1.0
alpha[672820],-0.096,0.128,-0.343,0.131,0.001,0.002,13842.0,5815.0,1.0
alpha[669087],-0.03,0.15,-0.317,0.241,0.001,0.002,15126.0,5805.0,1.0
alpha[543592],-0.012,0.151,-0.285,0.284,0.001,0.002,18492.0,5463.0,1.0
alpha[553988],0.013,0.15,-0.263,0.301,0.001,0.002,15522.0,5791.0,1.0
alpha[656695],0.004,0.151,-0.283,0.289,0.001,0.002,18606.0,5724.0,1.0
alpha[542921],0.012,0.152,-0.263,0.312,0.001,0.002,15065.0,5500.0,1.0
alpha[665828],0.018,0.119,-0.206,0.238,0.001,0.002,18470.0,5795.0,1.0
alpha[641470],-0.04,0.152,-0.314,0.256,0.001,0.002,17149.0,5560.0,1.0
alpha[592325],-0.001,0.146,-0.281,0.264,0.001,0.002,17625.0,5846.0,1.0
alpha[606213],0.018,0.152,-0.276,0.287,0.001,0.002,16067.0,5877.0,1.0
alpha[672478],-0.062,0.139,-0.319,0.2,0.001,0.002,15272.0,6047.0,1.0
alpha[663478],-0.011,0.15,-0.296,0.266,0.001,0.002,16565.0,6190.0,1.0
alpha[678225],-0.059,0.143,-0.329,0.21,0.001,0.002,14930.0,5839.0,1.0
alpha[670869],-0.015,0.15,-0.306,0.256,0.001,0.002,20465.0,5519.0,1.0
alpha[643348],-0.016,0.151,-0.299,0.268,0.001,0.002,16766.0,5480.0,1.0
alpha[670298],-0.009,0.151,-0.29,0.277,0.001,0.002,15202.0,6497.0,1.0
alpha[666179],0.007,0.151,-0.28,0.287,0.001,0.002,15245.0,5753.0,1.0
alpha[623507],-0.021,0.15,-0.306,0.262,0.001,0.002,16436.0,5493.0,1.0
alpha[592192],0.063,0.14,-0.196,0.326,0.001,0.002,15387.0,5245.0,1.0
alpha[676724],0.019,0.146,-0.252,0.284,0.001,0.002,18773.0,5704.0,1.0
alpha[666703],-0.048,0.143,-0.312,0.229,0.001,0.002,16481.0,5500.0,1.0
alpha[668800],0.001,0.153,-0.286,0.285,0.001,0.002,14584.0,5952.0,1.0
alpha[672640],0.027,0.131,-0.219,0.275,0.001,0.002,16999.0,5632.0,1.0
alpha[656180],0.009,0.15,-0.264,0.3,0.001,0.002,18096.0,5672.0,1.0
alpha[672580],0.043,0.098,-0.139,0.226,0.001,0.001,17059.0,6090.0,1.0
alpha[668930],0.085,0.113,-0.129,0.294,0.001,0.001,15387.0,5315.0,1.0
alpha[687263],-0.063,0.115,-0.279,0.151,0.001,0.002,14741.0,5501.0,1.0
alpha[670042],0.042,0.142,-0.226,0.307,0.001,0.002,16358.0,5823.0,1.0
alpha[608336],0.039,0.133,-0.213,0.289,0.001,0.002,15329.0,5791.0,1.0
alpha[678246],-0.081,0.13,-0.329,0.155,0.001,0.002,15904.0,5638.0,1.0
alpha[682829],0.029,0.114,-0.178,0.254,0.001,0.001,15209.0,5503.0,1.0
alpha[669477],-0.132,0.129,-0.373,0.11,0.001,0.002,13215.0,5784.0,1.0
alpha[680574],0.029,0.138,-0.23,0.287,0.001,0.002,17195.0,5792.0,1.0
alpha[680869],0.06,0.125,-0.186,0.289,0.001,0.002,15297.0,5440.0,1.0
alpha[655316],0.117,0.122,-0.118,0.343,0.001,0.002,17380.0,5717.0,1.0
alpha[683011],0.294,0.113,0.076,0.5,0.001,0.002,12987.0,5596.0,1.0
alpha[666152],-0.041,0.127,-0.282,0.196,0.001,0.002,14987.0,6423.0,1.0
alpha[689172],0.026,0.137,-0.229,0.28,0.001,0.002,18978.0,6025.0,1.0
alpha[665877],-0.052,0.143,-0.331,0.204,0.001,0.002,17349.0,5752.0,1.0
alpha[594777],0.009,0.145,-0.268,0.277,0.001,0.002,18457.0,6238.0,1.0
alpha[676116],-0.03,0.126,-0.264,0.213,0.001,0.002,15590.0,5578.0,1.0
alpha[683737],0.087,0.122,-0.133,0.326,0.001,0.001,14923.0,5923.0,1.0
alpha[691026],-0.01,0.11,-0.226,0.19,0.001,0.001,15381.0,5780.0,1.0
alpha[666906],0.005,0.145,-0.257,0.294,0.001,0.002,21544.0,5557.0,1.0
alpha[679845],-0.023,0.136,-0.268,0.244,0.001,0.002,19554.0,5631.0,1.0
alpha[677587],-0.039,0.123,-0.263,0.2,0.001,0.002,15714.0,5911.0,1.0
alpha[676059],-0.078,0.116,-0.293,0.142,0.001,0.002,18371.0,6064.0,1.0
alpha[666397],0.112,0.134,-0.134,0.37,0.001,0.002,16878.0,5748.0,1.0
alpha[663796],-0.005,0.152,-0.29,0.282,0.001,0.002,14580.0,6590.0,1.0
alpha[669707],0.077,0.115,-0.143,0.288,0.001,0.002,17082.0,5738.0,1.0
alpha[693304],-0.069,0.131,-0.316,0.17,0.001,0.002,17647.0,5854.0,1.0
alpha[666134],-0.038,0.148,-0.318,0.236,0.001,0.002,15470.0,5916.0,1.0
alpha[682622],-0.028,0.128,-0.272,0.207,0.001,0.002,15955.0,5821.0,1.0
alpha[621545],0.016,0.139,-0.245,0.275,0.001,0.002,15375.0,5704.0,1.0
alpha[682617],0.011,0.147,-0.258,0.307,0.001,0.002,16536.0,5328.0,1.0
alpha[676609],0.029,0.121,-0.199,0.257,0.001,0.002,15181.0,5322.0,1.0
alpha[521692],0.073,0.135,-0.176,0.33,0.001,0.002,15623.0,5958.0,1.0
alpha[670223],0.065,0.143,-0.201,0.329,0.001,0.002,13489.0,6013.0,1.0
alpha[675961],-0.02,0.14,-0.281,0.25,0.001,0.002,19033.0,5931.0,1.0
alpha[542208],0.012,0.147,-0.269,0.285,0.001,0.002,16370.0,5352.0,1.0
alpha[686531],-0.01,0.149,-0.272,0.299,0.001,0.002,17733.0,5717.0,1.0
alpha[678545],-0.008,0.142,-0.265,0.265,0.001,0.002,16956.0,6022.0,1.0
alpha[687952],-0.031,0.142,-0.292,0.241,0.001,0.002,13652.0,5539.0,1.0
alpha[572138],0.026,0.135,-0.225,0.281,0.001,0.002,19070.0,5178.0,1.0
alpha[677588],-0.086,0.135,-0.328,0.171,0.001,0.002,16876.0,5752.0,1.0
alpha[668901],0.004,0.119,-0.218,0.229,0.001,0.002,19452.0,5842.0,1.0
alpha[642215],-0.018,0.151,-0.294,0.274,0.001,0.002,18930.0,5753.0,1.0
alpha[669364],-0.106,0.135,-0.355,0.15,0.001,0.002,15574.0,5361.0,1.0
alpha[547180],0.157,0.112,-0.049,0.373,0.001,0.001,15190.0,5672.0,1.0
alpha[595909],0.033,0.146,-0.242,0.311,0.001,0.002,16458.0,5567.0,1.0
alpha[678554],-0.033,0.135,-0.283,0.229,0.001,0.002,16804.0,5510.0,1.0
alpha[691783],0.022,0.15,-0.265,0.298,0.001,0.002,17143.0,5894.0,1.0
alpha[694384],-0.041,0.134,-0.293,0.213,0.001,0.002,16886.0,6088.0,1.0
alpha[678882],-0.027,0.133,-0.283,0.219,0.001,0.002,16292.0,5293.0,1.0
alpha[682073],-0.012,0.151,-0.293,0.275,0.001,0.002,15995.0,5609.0,1.0
alpha[687401],-0.049,0.12,-0.285,0.166,0.001,0.002,16006.0,5530.0,1.0
alpha[665839],0.003,0.134,-0.254,0.25,0.001,0.002,15625.0,5438.0,1.0
alpha[663550],-0.002,0.152,-0.289,0.285,0.001,0.002,15395.0,5477.0,1.0
alpha[677595],0.059,0.147,-0.225,0.327,0.001,0.002,14482.0,5769.0,1.0
alpha[691016],-0.022,0.141,-0.293,0.232,0.001,0.002,15955.0,5376.0,1.0
alpha[676070],0.032,0.147,-0.243,0.311,0.001,0.002,14309.0,5867.0,1.0
alpha[676914],0.023,0.142,-0.232,0.309,0.001,0.002,14430.0,6141.0,1.0
alpha[666197],0.036,0.15,-0.24,0.328,0.001,0.002,17029.0,5263.0,1.0
alpha[673237],-0.053,0.148,-0.336,0.214,0.001,0.002,17537.0,5886.0,1.0
alpha[641525],0.025,0.147,-0.251,0.295,0.001,0.002,16010.0,6236.0,1.0
alpha[578570],0.015,0.149,-0.263,0.299,0.001,0.002,17566.0,5256.0,1.0
alpha[666149],-0.006,0.136,-0.257,0.248,0.001,0.002,14807.0,5161.0,1.0
alpha[691406],0.043,0.141,-0.221,0.303,0.001,0.002,15656.0,6033.0,1.0
alpha[657136],-0.04,0.152,-0.325,0.253,0.001,0.002,17383.0,6133.0,1.0
alpha[676761],-0.0,0.151,-0.279,0.291,0.001,0.002,14060.0,5915.0,1.0
alpha[656484],0.007,0.144,-0.274,0.27,0.001,0.002,15421.0,5973.0,1.0
alpha[669392],-0.026,0.149,-0.299,0.253,0.001,0.002,17285.0,6021.0,1.0
alpha[543482],0.002,0.154,-0.292,0.292,0.001,0.002,17928.0,5959.0,1.0
alpha[663609],0.014,0.152,-0.272,0.296,0.001,0.002,17678.0,5095.0,1.0
alpha[592669],0.016,0.149,-0.265,0.299,0.001,0.002,19068.0,5638.0,1.0
alpha[681807],-0.055,0.145,-0.319,0.222,0.001,0.002,17180.0,5836.0,1.0
alpha[669200],0.011,0.145,-0.271,0.275,0.001,0.002,16143.0,5906.0,1.0
alpha[681962],0.014,0.15,-0.271,0.294,0.001,0.002,13956.0,5550.0,1.0
alpha[680700],-0.017,0.148,-0.292,0.265,0.001,0.002,14327.0,6201.0,1.0
alpha[518792],0.007,0.151,-0.283,0.283,0.001,0.002,17726.0,5782.0,1.0
alpha[680716],-0.001,0.145,-0.281,0.269,0.001,0.002,17507.0,6040.0,1.0
alpha[682848],0.002,0.158,-0.3,0.293,0.001,0.002,18316.0,6016.0,1.0
alpha[677347],0.016,0.144,-0.245,0.298,0.001,0.002,14727.0,5337.0,1.0
alpha[623993],0.005,0.151,-0.286,0.288,0.001,0.002,16232.0,5388.0,1.0
alpha[687462],-0.039,0.142,-0.315,0.223,0.001,0.002,17442.0,5140.0,1.0
alpha[696100],-0.002,0.151,-0.28,0.286,0.001,0.002,16644.0,5594.0,1.0
alpha[672012],-0.001,0.148,-0.279,0.281,0.001,0.002,13143.0,5788.0,1.0
alpha[702358],-0.11,0.135,-0.375,0.136,0.001,0.002,15322.0,5492.0,1.0
alpha[680474],-0.065,0.126,-0.306,0.162,0.001,0.002,16812.0,5552.0,1.0
alpha[687231],-0.04,0.136,-0.293,0.219,0.001,0.002,17180.0,5649.0,1.0
alpha[805779],-0.007,0.145,-0.279,0.265,0.001,0.002,14339.0,5923.0,1.0
alpha[690993],-0.068,0.133,-0.313,0.181,0.001,0.002,14596.0,6218.0,1.0
alpha[683083],0.007,0.143,-0.248,0.29,0.001,0.002,13821.0,5909.0,1.0
alpha[681393],-0.071,0.146,-0.349,0.195,0.001,0.002,14519.0,5457.0,1.0
alpha[673995],0.025,0.148,-0.266,0.291,0.001,0.002,15511.0,5529.0,1.0
alpha[682177],0.062,0.146,-0.204,0.346,0.001,0.002,16374.0,5396.0,1.0
alpha[694376],-0.042,0.148,-0.324,0.24,0.001,0.002,19592.0,6375.0,1.0
alpha[686797],0.046,0.142,-0.224,0.304,0.001,0.002,15341.0,5750.0,1.0
alpha[702616],-0.029,0.138,-0.277,0.239,0.001,0.002,15219.0,5734.0,1.0
alpha[694377],-0.017,0.15,-0.305,0.261,0.001,0.002,16197.0,5947.0,1.0
alpha[686554],-0.006,0.148,-0.286,0.272,0.001,0.002,14828.0,6033.0,1.0
alpha[695238],0.024,0.154,-0.261,0.319,0.001,0.002,14290.0,5913.0,1.0
alpha[676572],-0.006,0.143,-0.28,0.257,0.001,0.002,12341.0,6346.0,1.0
alpha[686765],0.002,0.148,-0.287,0.272,0.001,0.002,14321.0,6010.0,1.0
alpha[677870],0.09,0.147,-0.188,0.365,0.001,0.002,13288.0,5249.0,1.0
alpha[665782],-0.003,0.149,-0.276,0.286,0.001,0.002,18588.0,5985.0,1.0
alpha[665953],0.003,0.15,-0.262,0.301,0.001,0.002,14151.0,6050.0,1.0
alpha[691182],0.001,0.153,-0.291,0.292,0.001,0.002,20175.0,6046.0,1.0
alpha[680718],0.053,0.145,-0.23,0.317,0.001,0.002,17502.0,5628.0,1.0
alpha[700242],0.031,0.138,-0.228,0.293,0.001,0.002,16776.0,5736.0,1.0
alpha[701305],-0.011,0.149,-0.293,0.261,0.001,0.002,14811.0,5608.0,1.0
alpha[669699],0.001,0.144,-0.276,0.264,0.001,0.002,15220.0,5718.0,1.0
alpha[677942],0.006,0.139,-0.258,0.27,0.001,0.002,15237.0,5294.0,1.0
alpha[690291],-0.04,0.14,-0.303,0.226,0.001,0.002,16647.0,6140.0,1.0
alpha[695391],-0.037,0.14,-0.299,0.232,0.001,0.002,14940.0,6294.0,1.0
alpha[682868],0.041,0.143,-0.23,0.307,0.001,0.002,15214.0,5757.0,1.0
alpha[641432],-0.021,0.151,-0.298,0.266,0.001,0.002,15966.0,6238.0,1.0
alpha[681460],0.001,0.145,-0.262,0.286,0.001,0.002,16988.0,6200.0,1.0
alpha[669137],-0.013,0.15,-0.299,0.272,0.001,0.002,14933.0,5797.0,1.0
alpha[668723],0.011,0.151,-0.274,0.296,0.001,0.002,17935.0,5167.0,1.0
alpha[668845],0.031,0.146,-0.248,0.302,0.001,0.002,18214.0,5839.0,1.0
alpha[660844],-0.077,0.145,-0.344,0.202,0.001,0.002,16315.0,5581.0,1.0
alpha[668885],-0.01,0.15,-0.28,0.283,0.001,0.002,14992.0,5859.0,1.0
alpha[686217],0.006,0.152,-0.28,0.289,0.001,0.002,16606.0,6093.0,1.0
alpha[688363],0.003,0.153,-0.282,0.299,0.001,0.002,16042.0,5355.0,1.0
alpha[700250],-0.018,0.146,-0.305,0.237,0.001,0.002,15894.0,6158.0,1.0
alpha[670092],-0.01,0.152,-0.299,0.274,0.001,0.002,15885.0,5821.0,1.0
alpha[642197],0.005,0.15,-0.267,0.298,0.001,0.002,15592.0,5227.0,1.0
alpha[805373],-0.008,0.152,-0.303,0.274,0.001,0.002,13922.0,5933.0,1.0
alpha[682668],-0.019,0.149,-0.295,0.262,0.001,0.002,15513.0,5546.0,1.0
alpha[676679],0.015,0.15,-0.254,0.306,0.001,0.002,18849.0,5932.0,1.0
alpha[695336],0.064,0.148,-0.207,0.351,0.001,0.002,13752.0,5450.0,1.0
alpha[691723],-0.001,0.15,-0.276,0.283,0.001,0.002,15887.0,5688.0,1.0
alpha[669208],0.018,0.148,-0.255,0.308,0.001,0.002,14446.0,5811.0,1.0
alpha[682657],-0.009,0.154,-0.305,0.275,0.001,0.002,18548.0,4886.0,1.0
alpha[678877],0.01,0.153,-0.289,0.29,0.001,0.002,14130.0,5498.0,1.0
alpha[694388],0.008,0.155,-0.275,0.305,0.001,0.002,15669.0,5870.0,1.0
alpha[680769],-0.034,0.148,-0.308,0.248,0.001,0.002,15787.0,5054.0,1.0
alpha[682988],0.012,0.152,-0.279,0.295,0.001,0.002,15191.0,5893.0,1.0
alpha[695257],0.018,0.155,-0.285,0.3,0.001,0.002,19355.0,5820.0,1.0
alpha[694359],0.027,0.15,-0.262,0.305,0.001,0.002,15606.0,5529.0,1.0
alpha[691594],0.004,0.152,-0.282,0.294,0.001,0.002,15586.0,5773.0,1.0
alpha[596142],0.006,0.153,-0.292,0.286,0.001,0.002,19133.0,5865.0,1.0
alpha[666464],0.005,0.151,-0.288,0.279,0.001,0.002,15672.0,6138.0,1.0
alpha[700932],0.002,0.151,-0.288,0.287,0.001,0.002,17056.0,5809.0,1.0
alpha[668853],-0.016,0.152,-0.302,0.261,0.001,0.002,15415.0,5947.0,1.0
alpha[664954],-0.001,0.152,-0.29,0.279,0.001,0.002,14212.0,5906.0,1.0
alpha[645444],0.007,0.153,-0.285,0.291,0.001,0.002,14665.0,5663.0,1.0
alpha[686555],0.004,0.149,-0.278,0.276,0.001,0.002,15695.0,5936.0,1.0
alpha[679822],-0.017,0.151,-0.286,0.28,0.001,0.002,14400.0,5777.0,1.0
alpha[681508],0.011,0.153,-0.282,0.3,0.001,0.002,17916.0,6369.0,1.0
alpha[671117],0.014,0.15,-0.273,0.289,0.001,0.002,16120.0,5907.0,1.0
g[518626],0.038,0.081,-0.114,0.19,0.001,0.001,15838.0,6391.0,1.0
g[641857],0.186,0.078,0.043,0.335,0.001,0.001,16143.0,5350.0,1.0
g[663647],-0.005,0.076,-0.153,0.135,0.001,0.001,15745.0,5911.0,1.0
g[668942],0.051,0.093,-0.118,0.231,0.001,0.001,17421.0,5475.0,1.0
g[605113],-0.167,0.136,-0.419,0.086,0.001,0.002,14810.0,5476.0,1.0
g[624428],-0.09,0.13,-0.342,0.145,0.001,0.002,18114.0,5409.0,1.0
g[650333],0.13,0.094,-0.042,0.311,0.001,0.001,15624.0,5684.0,1.0
g[594838],-0.182,0.146,-0.465,0.09,0.001,0.002,12897.0,5315.0,1.0
g[596825],0.046,0.155,-0.231,0.346,0.001,0.002,15596.0,5708.0,1.0
g[518586],0.053,0.134,-0.193,0.307,0.001,0.002,17948.0,5741.0,1.0
g[572122],0.194,0.117,-0.019,0.418,0.001,0.002,16292.0,5841.0,1.0
g[669289],0.055,0.082,-0.104,0.205,0.001,0.001,14418.0,5825.0,1.0
g[518934],0.006,0.082,-0.141,0.166,0.001,0.001,14722.0,5888.0,1.0
g[608070],0.115,0.071,-0.02,0.244,0.001,0.001,14410.0,6055.0,1.0
g[675656],-0.025,0.12,-0.248,0.201,0.001,0.001,15896.0,6001.0,1.0
g[621563],-0.158,0.113,-0.366,0.058,0.001,0.001,11981.0,5804.0,1.0
g[608686],0.073,0.136,-0.18,0.326,0.001,0.002,14187.0,5896.0,1.0
g[644374],-0.048,0.14,-0.288,0.24,0.001,0.002,15862.0,5627.0,1.0
g[621028],0.012,0.13,-0.225,0.259,0.001,0.002,14270.0,6091.0,1.0
g[650490],0.003,0.096,-0.182,0.18,0.001,0.001,15840.0,6024.0,1.0
g[665926],-0.188,0.119,-0.416,0.035,0.001,0.002,16758.0,5451.0,1.0
g[570482],-0.005,0.08,-0.156,0.142,0.001,0.001,14719.0,6068.0,1.0
g[649966],0.023,0.084,-0.135,0.177,0.001,0.001,14984.0,6102.0,1.0
g[462101],0.11,0.131,-0.131,0.36,0.001,0.002,15008.0,6342.0,1.0
g[666182],-0.021,0.117,-0.236,0.205,0.001,0.001,14573.0,6571.0,1.0
g[578428],-0.151,0.128,-0.385,0.091,0.001,0.002,14264.0,5844.0,1.0
g[642708],-0.187,0.119,-0.406,0.041,0.001,0.001,13492.0,5581.0,1.0
g[650402],-0.1,0.116,-0.319,0.114,0.001,0.001,15086.0,6242.0,1.0
g[592743],0.228,0.153,-0.064,0.509,0.001,0.002,17062.0,5825.0,1.0
g[670764],-0.109,0.131,-0.364,0.125,0.001,0.002,16006.0,6373.0,1.0
g[664040],0.016,0.124,-0.208,0.252,0.001,0.001,16280.0,6611.0,1.0
g[571657],0.075,0.113,-0.133,0.291,0.001,0.002,14593.0,5244.0,1.0
g[503556],0.073,0.153,-0.236,0.345,0.001,0.002,18037.0,5708.0,1.0
g[624414],-0.075,0.145,-0.342,0.2,0.001,0.002,13433.0,6111.0,1.0
g[621043],0.047,0.124,-0.183,0.282,0.001,0.002,19096.0,5783.0,1.0
g[543281],0.004,0.13,-0.231,0.255,0.001,0.002,18767.0,5852.0,1.0
g[676391],0.021,0.115,-0.19,0.241,0.001,0.001,12847.0,5867.0,1.0
g[514917],-0.281,0.139,-0.551,-0.024,0.001,0.002,12294.0,5879.0,1.0
g[543939],-0.118,0.137,-0.379,0.133,0.001,0.002,17542.0,5772.0,1.0
g[669256],-0.066,0.152,-0.354,0.216,0.001,0.002,15282.0,6211.0,1.0
g[664058],-0.077,0.146,-0.361,0.194,0.001,0.002,15816.0,5456.0,1.0
g[622761],-0.138,0.124,-0.375,0.089,0.001,0.002,17554.0,6058.0,1.0
g[547989],0.186,0.117,-0.026,0.411,0.001,0.002,15065.0,5955.0,1.0
g[596847],0.065,0.13,-0.181,0.303,0.001,0.002,14544.0,5771.0,1.0
g[592518],0.221,0.058,0.113,0.33,0.001,0.001,11079.0,6693.0,1.0
g[641313],-0.041,0.117,-0.256,0.185,0.001,0.001,13065.0,5816.0,1.0
g[605612],-0.184,0.124,-0.42,0.043,0.001,0.002,15117.0,5797.0,1.0
g[642162],-0.109,0.155,-0.395,0.189,0.001,0.002,15592.0,5793.0,1.0
g[641487],0.034,0.115,-0.186,0.244,0.001,0.001,15137.0,6192.0,1.0
g[621550],0.065,0.086,-0.095,0.23,0.001,0.001,16274.0,6172.0,1.0
g[592348],-0.059,0.165,-0.385,0.238,0.001,0.002,15821.0,6387.0,1.0
g[630105],-0.186,0.113,-0.398,0.023,0.001,0.001,19015.0,5845.0,1.0
g[592859],0.031,0.172,-0.293,0.355,0.001,0.002,13267.0,5231.0,1.0
g[542340],0.169,0.144,-0.086,0.452,0.001,0.002,14500.0,5642.0,1.0
g[500871],-0.118,0.103,-0.306,0.079,0.001,0.001,16865.0,4909.0,1.0
g[663586],0.283,0.06,0.17,0.396,0.0,0.001,15179.0,6204.0,1.0
g[516770],0.206,0.112,0.002,0.426,0.001,0.002,17532.0,5820.0,1.0
g[642715],-0.266,0.114,-0.486,-0.059,0.001,0.001,15001.0,5940.0,1.0
g[645277],0.085,0.12,-0.145,0.304,0.001,0.001,16572.0,6128.0,1.0
g[621020],-0.335,0.12,-0.569,-0.123,0.001,0.001,12752.0,5725.0,1.0
g[658069],0.116,0.125,-0.125,0.347,0.001,0.002,17346.0,5531.0,1.0
g[656371],0.05,0.147,-0.232,0.318,0.001,0.002,13692.0,5595.0,1.0
g[553993],0.045,0.076,-0.101,0.191,0.001,0.001,16116.0,5974.0,1.0
g[519058],0.082,0.111,-0.119,0.298,0.001,0.001,14296.0,6039.0,1.0
g[664761],-0.082,0.069,-0.212,0.05,0.001,0.001,14238.0,5537.0,1.0
g[570481],0.15,0.15,-0.128,0.43,0.001,0.002,14757.0,6010.0,1.0
g[571918],-0.002,0.173,-0.311,0.333,0.001,0.002,15346.0,6123.0,1.0
g[594694],-0.042,0.164,-0.348,0.27,0.001,0.002,14722.0,5898.0,1.0
g[605119],-0.116,0.09,-0.278,0.059,0.001,0.001,16493.0,5496.0,1.0
g[553902],-0.047,0.128,-0.284,0.199,0.001,0.002,13155.0,5756.0,1.0
g[622110],0.079,0.109,-0.118,0.292,0.001,0.002,16835.0,5720.0,1.0
g[660162],0.099,0.091,-0.069,0.266,0.001,0.001,14139.0,5540.0,1.0
g[457759],0.024,0.088,-0.139,0.193,0.001,0.001,13768.0,5382.0,1.0
g[500743],-0.046,0.124,-0.283,0.183,0.001,0.002,14283.0,5445.0,1.0
g[642727],0.106,0.143,-0.16,0.374,0.001,0.002,15632.0,6151.0,1.0
g[596115],-0.131,0.136,-0.382,0.126,0.001,0.002,17438.0,5830.0,1.0
g[595879],0.073,0.121,-0.15,0.301,0.001,0.001,17845.0,6205.0,1.0
g[474568],0.197,0.159,-0.109,0.482,0.001,0.002,13081.0,5651.0,1.0
g[596019],-0.256,0.123,-0.485,-0.022,0.001,0.002,14578.0,5168.0,1.0
g[458015],-0.057,0.139,-0.329,0.199,0.001,0.002,14866.0,5833.0,1.0
g[516416],-0.113,0.112,-0.337,0.089,0.001,0.001,15468.0,5907.0,1.0
g[456781],0.016,0.113,-0.197,0.227,0.001,0.001,17160.0,5762.0,1.0
g[665155],-0.224,0.152,-0.512,0.058,0.001,0.002,15342.0,5937.0,1.0
g[656252],0.023,0.16,-0.275,0.324,0.001,0.002,17562.0,6099.0,1.0
g[519203],0.039,0.111,-0.175,0.246,0.001,0.001,18263.0,5694.0,1.0
g[408234],0.017,0.167,-0.303,0.329,0.001,0.002,15561.0,6353.0,1.0
g[592567],-0.032,0.169,-0.338,0.298,0.001,0.002,15810.0,5599.0,1.0
g[656305],0.221,0.081,0.072,0.377,0.001,0.001,15334.0,5908.0,1.0
g[608324],0.232,0.065,0.11,0.354,0.001,0.001,16264.0,6118.0,1.0
g[643289],0.04,0.141,-0.218,0.312,0.001,0.002,13105.0,6269.0,1.0
g[571788],0.153,0.132,-0.091,0.405,0.001,0.002,14398.0,5904.0,1.0
g[600869],0.076,0.074,-0.057,0.215,0.001,0.001,14617.0,5653.0,1.0
g[602104],-0.049,0.1,-0.243,0.132,0.001,0.001,16740.0,6583.0,1.0
g[643396],-0.085,0.108,-0.296,0.11,0.001,0.001,19033.0,5445.0,1.0
g[664238],0.089,0.131,-0.157,0.334,0.001,0.002,12958.0,5479.0,1.0
g[621566],0.076,0.097,-0.116,0.253,0.001,0.001,15507.0,6310.0,1.0
g[666915],0.099,0.12,-0.125,0.319,0.001,0.002,15057.0,5498.0,1.0
g[514888],-0.14,0.137,-0.401,0.113,0.001,0.002,13534.0,5496.0,1.0
g[641343],0.033,0.144,-0.237,0.299,0.001,0.002,20273.0,5632.0,1.0
g[642721],0.006,0.121,-0.209,0.241,0.001,0.002,15396.0,5518.0,1.0
g[646240],0.214,0.072,0.077,0.35,0.001,0.001,15069.0,6093.0,1.0
g[596059],-0.099,0.107,-0.303,0.102,0.001,0.001,17329.0,6201.0,1.0
g[669394],0.1,0.101,-0.091,0.288,0.001,0.001,17761.0,6064.0,1.0
g[660620],0.208,0.149,-0.066,0.491,0.001,0.002,13955.0,6250.0,1.0
g[596748],0.152,0.09,-0.02,0.313,0.001,0.001,10764.0,6085.0,1.0
g[593428],0.072,0.113,-0.14,0.285,0.001,0.001,14565.0,5993.0,1.0
g[544725],-0.123,0.149,-0.4,0.154,0.001,0.002,16398.0,5681.0,1.0
g[570731],-0.117,0.125,-0.349,0.118,0.001,0.002,17359.0,5978.0,1.0
g[593934],-0.101,0.143,-0.356,0.186,0.001,0.002,18255.0,5816.0,1.0
g[493329],0.023,0.123,-0.219,0.243,0.001,0.002,19691.0,5789.0,1.0
g[591720],-0.061,0.146,-0.326,0.22,0.001,0.002,17472.0,5845.0,1.0
g[520471],0.13,0.159,-0.173,0.417,0.001,0.002,13606.0,6040.0,1.0
g[446334],0.038,0.096,-0.137,0.219,0.001,0.001,16709.0,6230.0,1.0
g[543063],-0.261,0.129,-0.509,-0.029,0.001,0.002,16027.0,5122.0,1.0
g[544369],-0.042,0.145,-0.317,0.227,0.001,0.002,16673.0,5249.0,1.0
g[663898],0.021,0.129,-0.225,0.26,0.001,0.002,15163.0,6011.0,1.0
g[543068],0.165,0.111,-0.042,0.374,0.001,0.001,15187.0,5756.0,1.0
g[647351],0.052,0.11,-0.153,0.269,0.001,0.001,19957.0,6170.0,1.0
g[518692],-0.188,0.097,-0.366,0.0,0.001,0.001,13994.0,5821.0,1.0
g[641658],-0.016,0.149,-0.283,0.27,0.001,0.002,15525.0,5964.0,1.0
g[571970],-0.012,0.091,-0.184,0.156,0.001,0.001,14881.0,6129.0,1.0
g[474832],0.069,0.125,-0.168,0.302,0.001,0.002,15833.0,5922.0,1.0
g[542583],0.097,0.129,-0.145,0.337,0.001,0.002,19149.0,6068.0,1.0
g[502671],0.04,0.107,-0.16,0.238,0.001,0.001,15057.0,5600.0,1.0
g[605137],-0.009,0.117,-0.224,0.214,0.001,0.002,14748.0,5779.0,1.0
g[519048],0.019,0.18,-0.316,0.357,0.002,0.002,13612.0,5659.0,1.0
g[527038],-0.08,0.095,-0.258,0.096,0.001,0.001,16204.0,5926.0,1.0
g[543543],0.128,0.14,-0.128,0.398,0.001,0.002,13476.0,5571.0,1.0
g[666801],-0.042,0.145,-0.317,0.229,0.001,0.002,15025.0,5487.0,1.0
g[592178],-0.037,0.131,-0.282,0.21,0.001,0.002,14322.0,5810.0,1.0
g[650489],-0.088,0.136,-0.342,0.169,0.001,0.002,18335.0,5982.0,1.0
g[461865],0.06,0.169,-0.259,0.377,0.001,0.002,13773.0,5996.0,1.0
g[591971],0.018,0.155,-0.276,0.313,0.001,0.002,14812.0,5416.0,1.0
g[657193],-0.052,0.158,-0.349,0.245,0.001,0.002,17226.0,5365.0,1.0
g[656716],0.205,0.125,-0.025,0.446,0.001,0.002,16646.0,5514.0,1.0
g[665487],-0.062,0.157,-0.363,0.222,0.001,0.002,14703.0,5966.0,1.0
g[663697],-0.156,0.136,-0.422,0.091,0.001,0.002,14856.0,5920.0,1.0
g[543333],-0.016,0.152,-0.307,0.263,0.001,0.002,19945.0,5504.0,1.0
g[605412],-0.021,0.121,-0.257,0.2,0.001,0.001,15601.0,6167.0,1.0
g[656555],-0.114,0.104,-0.313,0.078,0.001,0.001,19373.0,5231.0,1.0
g[592663],0.02,0.175,-0.321,0.336,0.001,0.002,15928.0,5928.0,1.0
g[641820],0.083,0.144,-0.18,0.358,0.001,0.002,16045.0,5573.0,1.0
g[660294],0.036,0.164,-0.264,0.355,0.001,0.002,17681.0,5003.0,1.0
g[663886],-0.072,0.175,-0.412,0.252,0.001,0.002,17168.0,5393.0,1.0
g[641531],0.081,0.136,-0.174,0.332,0.001,0.002,15694.0,5233.0,1.0
g[641914],0.078,0.133,-0.171,0.328,0.001,0.002,15429.0,5937.0,1.0
g[592273],0.082,0.105,-0.101,0.292,0.001,0.001,16292.0,6330.0,1.0
g[605204],-0.011,0.113,-0.228,0.194,0.001,0.001,16403.0,5678.0,1.0
g[666158],0.005,0.137,-0.242,0.272,0.001,0.002,14381.0,5654.0,1.0
g[607208],-0.307,0.103,-0.498,-0.115,0.001,0.001,12371.0,5439.0,1.0
g[623520],-0.055,0.125,-0.287,0.183,0.001,0.002,14568.0,5745.0,1.0
g[624413],0.143,0.103,-0.06,0.332,0.001,0.001,13434.0,5949.0,1.0
g[405395],-0.017,0.165,-0.323,0.302,0.001,0.002,17168.0,5591.0,1.0
g[641645],-0.067,0.142,-0.331,0.201,0.001,0.002,13507.0,6047.0,1.0
g[642086],0.23,0.125,0.002,0.465,0.001,0.002,13287.0,6139.0,1.0
g[666198],-0.031,0.11,-0.246,0.17,0.001,0.001,15974.0,5356.0,1.0
g[571448],-0.034,0.073,-0.168,0.106,0.001,0.001,15451.0,5802.0,1.0
g[657557],0.023,0.12,-0.213,0.243,0.001,0.002,16602.0,5636.0,1.0
g[444876],-0.079,0.152,-0.359,0.21,0.001,0.002,15219.0,5203.0,1.0
g[672701],-0.007,0.175,-0.335,0.318,0.001,0.002,17415.0,5468.0,1.0
g[501303],0.002,0.152,-0.294,0.274,0.001,0.002,17314.0,6289.0,1.0
g[596129],0.076,0.171,-0.254,0.388,0.001,0.002,14889.0,5735.0,1.0
g[665862],0.026,0.147,-0.245,0.302,0.001,0.002,15046.0,5820.0,1.0
g[643393],-0.047,0.151,-0.325,0.24,0.001,0.002,17268.0,5047.0,1.0
g[628451],-0.067,0.129,-0.31,0.173,0.001,0.002,14161.0,6258.0,1.0
g[677551],-0.178,0.137,-0.432,0.085,0.001,0.002,15593.0,5444.0,1.0
g[595943],-0.025,0.155,-0.332,0.248,0.001,0.002,16011.0,5548.0,1.0
g[643446],0.0,0.138,-0.26,0.263,0.001,0.002,15777.0,5692.0,1.0
g[656976],0.046,0.158,-0.265,0.333,0.001,0.002,16936.0,6187.0,1.0
g[572233],0.156,0.092,-0.018,0.329,0.001,0.001,15829.0,5346.0,1.0
g[572761],0.147,0.165,-0.145,0.478,0.001,0.002,13343.0,5492.0,1.0
g[673490],-0.12,0.115,-0.346,0.09,0.001,0.001,16079.0,6366.0,1.0
g[670032],-0.011,0.121,-0.234,0.218,0.001,0.002,18595.0,5533.0,1.0
g[624641],-0.189,0.117,-0.415,0.024,0.001,0.002,15743.0,6274.0,1.0
g[600303],-0.132,0.156,-0.437,0.15,0.001,0.002,14287.0,6178.0,1.0
g[669242],-0.311,0.136,-0.572,-0.065,0.001,0.002,11853.0,5961.0,1.0
g[519299],-0.051,0.176,-0.38,0.284,0.001,0.002,15178.0,5839.0,1.0
g[607468],0.118,0.165,-0.194,0.425,0.001,0.002,15648.0,5792.0,1.0
g[649557],0.045,0.13,-0.204,0.284,0.001,0.002,16521.0,5770.0,1.0
g[452678],-0.05,0.142,-0.314,0.216,0.001,0.002,16637.0,5862.0,1.0
g[543685],0.14,0.112,-0.066,0.351,0.001,0.002,14726.0,4907.0,1.0
g[545121],0.037,0.108,-0.164,0.244,0.001,0.001,15494.0,5460.0,1.0
g[621035],0.151,0.127,-0.086,0.39,0.001,0.002,16505.0,5763.0,1.0
g[642165],-0.089,0.141,-0.36,0.173,0.001,0.002,14567.0,5105.0,1.0
g[595777],0.028,0.174,-0.292,0.359,0.001,0.002,17538.0,6158.0,1.0
g[543768],0.212,0.123,-0.018,0.442,0.001,0.002,16664.0,5980.0,1.0
g[670623],0.07,0.097,-0.11,0.252,0.001,0.001,14793.0,6065.0,1.0
g[613564],-0.066,0.137,-0.324,0.188,0.001,0.002,16148.0,6060.0,1.0
g[542932],0.062,0.091,-0.103,0.237,0.001,0.001,14326.0,6027.0,1.0
g[622569],0.068,0.15,-0.214,0.344,0.001,0.002,18738.0,5454.0,1.0
g[664034],-0.051,0.096,-0.229,0.132,0.001,0.001,14319.0,6108.0,1.0
g[656403],-0.062,0.165,-0.375,0.254,0.001,0.002,18682.0,5174.0,1.0
g[572008],-0.019,0.169,-0.336,0.3,0.001,0.002,15473.0,5341.0,1.0
g[663897],-0.101,0.148,-0.384,0.168,0.001,0.002,13864.0,5852.0,1.0
g[666213],-0.047,0.174,-0.365,0.291,0.001,0.002,16661.0,5628.0,1.0
g[669222],0.113,0.137,-0.136,0.375,0.001,0.002,16990.0,5817.0,1.0
g[672695],-0.267,0.125,-0.501,-0.034,0.001,0.002,14492.0,5534.0,1.0
g[608369],-0.302,0.124,-0.538,-0.074,0.001,0.001,13152.0,5981.0,1.0
g[606466],-0.162,0.13,-0.419,0.069,0.001,0.002,13762.0,5543.0,1.0
g[596056],-0.02,0.171,-0.348,0.304,0.001,0.002,18153.0,5284.0,1.0
g[607054],-0.11,0.103,-0.299,0.086,0.001,0.001,15692.0,5972.0,1.0
g[642133],0.171,0.104,-0.019,0.375,0.001,0.001,16013.0,5510.0,1.0
g[670712],0.047,0.132,-0.205,0.287,0.001,0.002,15557.0,6084.0,1.0
g[543760],-0.092,0.112,-0.299,0.122,0.001,0.001,14064.0,6166.0,1.0
g[547004],-0.011,0.163,-0.327,0.282,0.001,0.002,16737.0,6160.0,1.0
g[656308],0.014,0.146,-0.263,0.286,0.001,0.002,15564.0,5695.0,1.0
g[642336],0.018,0.174,-0.309,0.346,0.001,0.002,15923.0,5878.0,1.0
g[665489],0.089,0.111,-0.119,0.299,0.001,0.001,17690.0,6079.0,1.0
g[663624],0.212,0.111,0.013,0.431,0.001,0.001,15236.0,6168.0,1.0
g[467793],-0.029,0.097,-0.215,0.149,0.001,0.001,14105.0,6638.0,1.0
g[665120],0.178,0.132,-0.068,0.427,0.001,0.002,17216.0,5974.0,1.0
g[663993],0.129,0.113,-0.08,0.342,0.001,0.001,15120.0,6180.0,1.0
g[593871],-0.249,0.134,-0.504,-0.0,0.001,0.002,12206.0,5797.0,1.0
g[660634],0.24,0.133,-0.007,0.493,0.001,0.002,13333.0,5596.0,1.0
g[624415],0.21,0.101,0.03,0.41,0.001,0.001,13165.0,5618.0,1.0
g[571771],-0.146,0.135,-0.386,0.116,0.001,0.002,18809.0,5685.0,1.0
g[622268],-0.094,0.168,-0.392,0.232,0.001,0.002,12973.0,5317.0,1.0
g[621500],-0.005,0.177,-0.332,0.326,0.001,0.002,15986.0,5335.0,1.0
g[572228],-0.025,0.157,-0.311,0.28,0.001,0.002,17799.0,5751.0,1.0
g[670097],0.002,0.136,-0.25,0.258,0.001,0.002,15961.0,5891.0,1.0
g[642180],0.006,0.136,-0.251,0.253,0.001,0.002,15378.0,5942.0,1.0
g[663611],-0.058,0.135,-0.314,0.193,0.001,0.002,17574.0,5332.0,1.0
g[664901],-0.034,0.139,-0.295,0.227,0.001,0.002,17634.0,6037.0,1.0
g[663538],0.317,0.117,0.093,0.529,0.001,0.001,13728.0,5917.0,1.0
g[650859],0.054,0.111,-0.151,0.261,0.001,0.001,12805.0,6118.0,1.0
g[475582],0.042,0.166,-0.26,0.365,0.001,0.002,15226.0,6137.0,1.0
g[656896],-0.062,0.108,-0.265,0.137,0.001,0.001,17622.0,6247.0,1.0
g[593160],0.063,0.137,-0.204,0.311,0.001,0.002,16662.0,5709.0,1.0
g[657108],0.054,0.162,-0.261,0.343,0.001,0.002,15724.0,6249.0,1.0
g[656811],0.232,0.135,-0.02,0.487,0.001,0.002,13018.0,6130.0,1.0
g[645801],0.097,0.166,-0.201,0.415,0.001,0.002,19893.0,5763.0,1.0
g[642731],0.157,0.131,-0.079,0.411,0.001,0.002,18145.0,5313.0,1.0
g[670351],0.211,0.133,-0.032,0.466,0.001,0.002,14521.0,5828.0,1.0
g[518902],-0.027,0.175,-0.35,0.316,0.001,0.002,15608.0,5374.0,1.0
g[600524],-0.009,0.175,-0.339,0.333,0.002,0.002,12181.0,5813.0,1.0
g[640461],-0.028,0.169,-0.33,0.304,0.001,0.002,15335.0,5938.0,1.0
g[642736],0.055,0.166,-0.25,0.383,0.001,0.002,16440.0,6272.0,1.0
g[660829],0.04,0.171,-0.28,0.363,0.001,0.002,14428.0,6078.0,1.0
g[476704],0.17,0.164,-0.149,0.47,0.001,0.002,13561.0,5989.0,1.0
g[643418],0.008,0.175,-0.322,0.333,0.001,0.002,14419.0,5864.0,1.0
g[621002],-0.086,0.159,-0.381,0.214,0.001,0.002,13410.0,5632.0,1.0
g[669374],0.046,0.163,-0.263,0.349,0.001,0.002,20048.0,5615.0,1.0
g[571875],-0.053,0.151,-0.334,0.226,0.001,0.002,14878.0,5682.0,1.0
g[621006],-0.143,0.17,-0.469,0.173,0.001,0.002,14546.0,6079.0,1.0
g[624503],-0.034,0.167,-0.357,0.271,0.001,0.002,13475.0,6009.0,1.0
g[664774],0.129,0.125,-0.102,0.368,0.001,0.002,14618.0,6404.0,1.0
g[542454],-0.013,0.177,-0.357,0.307,0.002,0.002,13865.0,5702.0,1.0
g[666135],-0.086,0.166,-0.4,0.225,0.001,0.002,17443.0,5358.0,1.0
g[502273],-0.027,0.177,-0.348,0.306,0.001,0.002,14451.0,6409.0,1.0
g[621458],-0.013,0.165,-0.321,0.296,0.001,0.002,15834.0,6074.0,1.0
g[573131],-0.189,0.168,-0.503,0.128,0.001,0.002,12784.0,6092.0,1.0
g[672779],-0.07,0.167,-0.372,0.257,0.001,0.002,14465.0,5527.0,1.0
g[593643],0.15,0.133,-0.106,0.388,0.001,0.002,18729.0,5741.0,1.0
g[680911],-0.059,0.124,-0.288,0.18,0.001,0.002,15605.0,5910.0,1.0
g[666971],0.033,0.177,-0.291,0.376,0.001,0.002,15413.0,5817.0,1.0
g[592530],-0.047,0.168,-0.356,0.275,0.001,0.002,15089.0,6196.0,1.0
g[643524],-0.054,0.165,-0.372,0.247,0.001,0.002,14039.0,6595.0,1.0
g[671277],-0.041,0.126,-0.287,0.189,0.001,0.002,16403.0,5624.0,1.0
g[443558],0.008,0.181,-0.308,0.378,0.001,0.003,16827.0,5339.0,1.0
g[663853],0.102,0.144,-0.175,0.37,0.001,0.002,14626.0,5769.0,1.0
g[650331],0.07,0.157,-0.228,0.36,0.001,0.002,16504.0,5571.0,1.0
g[595751],-0.054,0.18,-0.385,0.291,0.002,0.002,14334.0,5700.0,1.0
g[663330],-0.031,0.171,-0.371,0.277,0.001,0.002,18351.0,5510.0,1.0
g[656941],0.022,0.179,-0.314,0.35,0.001,0.003,15560.0,5089.0,1.0
g[622666],-0.038,0.169,-0.352,0.275,0.001,0.002,14860.0,5882.0,1.0
g[643269],0.029,0.174,-0.294,0.346,0.001,0.002,21193.0,5591.0,1.0
g[614173],-0.15,0.168,-0.47,0.158,0.001,0.002,12598.0,5701.0,1.0
g[647304],-0.044,0.112,-0.246,0.172,0.001,0.001,14196.0,5406.0,1.0
g[506703],0.029,0.174,-0.312,0.348,0.001,0.002,16825.0,6197.0,1.0
g[664670],0.073,0.159,-0.214,0.385,0.001,0.002,17903.0,5338.0,1.0
g[683734],0.044,0.12,-0.178,0.272,0.001,0.002,15555.0,5643.0,1.0
g[642221],-0.019,0.179,-0.356,0.314,0.001,0.002,14727.0,5851.0,1.0
g[621011],0.027,0.172,-0.295,0.355,0.001,0.002,15362.0,6452.0,1.0
g[571431],-0.004,0.178,-0.314,0.359,0.002,0.002,13422.0,5992.0,1.0
g[642201],-0.001,0.176,-0.33,0.337,0.001,0.002,15832.0,6489.0,1.0
g[676900],-0.031,0.172,-0.342,0.303,0.001,0.002,15487.0,5582.0,1.0
g[676701],0.112,0.149,-0.169,0.391,0.001,0.002,13732.0,6128.0,1.0
g[643265],0.129,0.142,-0.147,0.383,0.001,0.002,16857.0,6410.0,1.0
g[519390],0.017,0.169,-0.297,0.335,0.001,0.002,18019.0,5680.0,1.0
g[606299],0.028,0.17,-0.29,0.353,0.001,0.002,14379.0,5803.0,1.0
g[670370],-0.053,0.176,-0.388,0.276,0.001,0.002,15953.0,5504.0,1.0
g[642136],0.015,0.169,-0.295,0.332,0.001,0.002,15935.0,5282.0,1.0
g[606115],-0.061,0.122,-0.289,0.169,0.001,0.002,15817.0,5914.0,1.0
g[605170],0.028,0.176,-0.3,0.367,0.001,0.002,20802.0,5536.0,1.0
g[656821],0.165,0.164,-0.148,0.475,0.001,0.002,15138.0,5763.0,1.0
g[595375],0.028,0.178,-0.301,0.373,0.001,0.002,14254.0,5981.0,1.0
g[656467],-0.01,0.176,-0.346,0.324,0.001,0.002,15404.0,5386.0,1.0
g[656669],-0.005,0.179,-0.339,0.339,0.001,0.002,16607.0,5856.0,1.0
g[621559],-0.001,0.18,-0.329,0.353,0.001,0.002,17053.0,5853.0,1.0
g[623205],0.058,0.145,-0.218,0.326,0.001,0.002,16174.0,5982.0,1.0
g[676480],0.044,0.164,-0.271,0.35,0.001,0.002,16200.0,5756.0,1.0
g[541600],0.005,0.178,-0.327,0.338,0.002,0.002,13305.0,5664.0,1.0
g[657757],0.015,0.149,-0.256,0.294,0.001,0.002,14588.0,6151.0,1.0
g[609275],0.123,0.163,-0.188,0.426,0.001,0.002,17560.0,5341.0,1.0
g[657061],0.022,0.173,-0.294,0.351,0.001,0.002,15265.0,6061.0,1.0
g[605353],0.0,0.138,-0.259,0.261,0.001,0.002,17717.0,5490.0,1.0
g[656582],0.199,0.134,-0.055,0.444,0.001,0.002,11873.0,5799.0,1.0
g[607461],0.031,0.169,-0.285,0.347,0.001,0.002,15024.0,6175.0,1.0
g[602922],0.042,0.177,-0.287,0.37,0.001,0.002,17731.0,5064.0,1.0
g[453943],-0.019,0.179,-0.354,0.321,0.002,0.002,13887.0,5524.0,1.0
g[664059],0.009,0.168,-0.333,0.308,0.001,0.002,16016.0,5666.0,1.0
g[641355],-0.048,0.158,-0.339,0.251,0.001,0.002,14056.0,5719.0,1.0
g[641598],-0.017,0.175,-0.323,0.331,0.001,0.002,16551.0,6210.0,1.0
g[606993],0.07,0.173,-0.28,0.381,0.001,0.002,14973.0,5761.0,1.0
g[663837],-0.167,0.128,-0.4,0.085,0.001,0.002,17216.0,6152.0,1.0
g[605346],0.008,0.175,-0.314,0.34,0.001,0.002,17116.0,5153.0,1.0
g[622168],0.032,0.177,-0.311,0.356,0.001,0.002,18251.0,5216.0,1.0
g[664023],0.002,0.176,-0.32,0.344,0.001,0.002,14895.0,5943.0,1.0
g[457803],-0.017,0.176,-0.347,0.314,0.001,0.002,16794.0,5991.0,1.0
g[425877],0.016,0.179,-0.344,0.339,0.002,0.002,13982.0,5652.0,1.0
g[660644],0.11,0.149,-0.158,0.4,0.001,0.002,15175.0,5523.0,1.0
g[641924],-0.018,0.18,-0.348,0.328,0.001,0.003,17657.0,5534.0,1.0
g[518735],0.007,0.18,-0.319,0.356,0.001,0.003,17246.0,5588.0,1.0
g[543510],0.021,0.175,-0.319,0.341,0.001,0.002,14987.0,5765.0,1.0
g[609280],-0.048,0.171,-0.372,0.272,0.001,0.002,19337.0,5541.0,1.0
g[542992],0.0,0.178,-0.314,0.366,0.001,0.002,16488.0,5751.0,1.0
g[607111],-0.001,0.181,-0.324,0.356,0.001,0.002,15302.0,5584.0,1.0
g[600301],-0.113,0.167,-0.413,0.208,0.001,0.002,16697.0,5698.0,1.0
g[665833],-0.18,0.147,-0.451,0.097,0.001,0.002,15732.0,5845.0,1.0
g[641856],0.021,0.179,-0.325,0.349,0.001,0.002,15040.0,5470.0,1.0
g[543877],-0.052,0.175,-0.378,0.276,0.001,0.003,18458.0,5839.0,1.0
g[506702],-0.029,0.173,-0.363,0.298,0.001,0.002,15237.0,5581.0,1.0
g[663905],0.013,0.179,-0.315,0.352,0.002,0.002,12271.0,6310.0,1.0
g[623508],0.007,0.175,-0.335,0.323,0.001,0.002,17598.0,5329.0,1.0
g[493472],0.001,0.18,-0.352,0.325,0.001,0.002,15790.0,5852.0,1.0
g[595981],-0.034,0.176,-0.365,0.292,0.001,0.002,15939.0,5745.0,1.0
g[620443],0.002,0.177,-0.325,0.333,0.001,0.002,15389.0,6166.0,1.0
g[663527],-0.157,0.127,-0.391,0.092,0.001,0.002,15515.0,5751.0,1.0
g[622668],-0.013,0.174,-0.336,0.322,0.001,0.002,16708.0,5909.0,1.0
g[488671],0.004,0.18,-0.329,0.343,0.001,0.002,15024.0,6216.0,1.0
g[664068],-0.004,0.178,-0.354,0.314,0.001,0.002,15193.0,6327.0,1.0
g[606336],0.014,0.177,-0.329,0.334,0.001,0.002,17643.0,6013.0,1.0
g[608597],0.021,0.179,-0.303,0.374,0.001,0.002,15716.0,5627.0,1.0
g[660731],0.024,0.179,-0.319,0.357,0.002,0.002,13004.0,5690.0,1.0
g[664913],0.014,0.157,-0.27,0.319,0.001,0.002,14602.0,5992.0,1.0
g[677951],-0.028,0.108,-0.224,0.182,0.001,0.001,14521.0,6310.0,1.0
g[681082],-0.144,0.116,-0.362,0.07,0.001,0.002,18114.0,5296.0,1.0
g[676625],0.008,0.172,-0.313,0.333,0.001,0.002,16429.0,5771.0,1.0
g[672356],0.038,0.138,-0.227,0.3,0.001,0.002,16047.0,5940.0,1.0
g[665161],0.12,0.129,-0.115,0.367,0.001,0.002,13412.0,5107.0,1.0
g[683002],-0.373,0.118,-0.586,-0.144,0.001,0.001,12733.0,5386.0,1.0
g[650339],-0.009,0.173,-0.341,0.314,0.001,0.002,14101.0,5495.0,1.0
g[668715],0.048,0.13,-0.196,0.296,0.001,0.002,16534.0,5936.0,1.0
g[682928],-0.121,0.116,-0.331,0.107,0.001,0.001,16087.0,6261.0,1.0
g[673962],-0.064,0.101,-0.252,0.124,0.001,0.001,16259.0,6289.0,1.0
g[429664],-0.068,0.17,-0.38,0.261,0.001,0.002,14116.0,5765.0,1.0
g[608703],0.012,0.166,-0.303,0.332,0.001,0.002,18806.0,4921.0,1.0
g[660636],0.036,0.163,-0.278,0.332,0.001,0.002,16532.0,5881.0,1.0
g[683146],-0.014,0.103,-0.201,0.185,0.001,0.001,18682.0,5816.0,1.0
g[656495],0.001,0.177,-0.34,0.332,0.001,0.002,17024.0,5901.0,1.0
g[680977],0.013,0.139,-0.251,0.27,0.001,0.002,18057.0,5899.0,1.0
g[666624],-0.102,0.117,-0.319,0.121,0.001,0.001,15383.0,5948.0,1.0
g[669911],-0.015,0.148,-0.303,0.254,0.001,0.002,15189.0,5742.0,1.0
g[664731],-0.011,0.169,-0.335,0.297,0.001,0.002,14306.0,6026.0,1.0
g[663845],-0.068,0.156,-0.363,0.232,0.001,0.002,17933.0,5425.0,1.0
g[676632],-0.053,0.167,-0.375,0.258,0.001,0.002,16581.0,5925.0,1.0
g[677954],0.046,0.154,-0.244,0.333,0.001,0.002,16297.0,5305.0,1.0
g[669304],-0.207,0.119,-0.428,0.016,0.001,0.002,16353.0,6152.0,1.0
g[678662],-0.083,0.135,-0.348,0.163,0.001,0.002,14922.0,5288.0,1.0
g[660707],-0.029,0.131,-0.278,0.214,0.001,0.002,19008.0,5583.0,1.0
g[669701],-0.148,0.107,-0.349,0.053,0.001,0.001,18395.0,6032.0,1.0
g[668952],-0.152,0.157,-0.443,0.15,0.001,0.002,14981.0,6056.0,1.0
g[668904],0.065,0.135,-0.181,0.329,0.001,0.002,19536.0,5820.0,1.0
g[669397],-0.186,0.148,-0.45,0.106,0.001,0.002,17328.0,5990.0,1.0
g[686681],-0.018,0.137,-0.293,0.228,0.001,0.002,18655.0,5790.0,1.0
g[668472],0.034,0.142,-0.231,0.292,0.001,0.002,16064.0,5961.0,1.0
g[679529],-0.011,0.117,-0.228,0.213,0.001,0.001,13562.0,5971.0,1.0
g[683021],-0.016,0.165,-0.331,0.288,0.001,0.002,17646.0,6192.0,1.0
g[543829],-0.021,0.178,-0.358,0.304,0.001,0.002,14348.0,5310.0,1.0
g[670156],-0.01,0.148,-0.271,0.278,0.001,0.002,15804.0,6199.0,1.0
g[669742],0.045,0.171,-0.276,0.369,0.001,0.002,18611.0,5303.0,1.0
g[606019],0.029,0.174,-0.291,0.349,0.001,0.002,14581.0,6415.0,1.0
g[669357],-0.014,0.131,-0.264,0.229,0.001,0.002,14073.0,5764.0,1.0
g[677649],0.035,0.121,-0.191,0.272,0.001,0.002,14193.0,5792.0,1.0
g[687093],-0.004,0.16,-0.294,0.31,0.001,0.002,16767.0,5673.0,1.0
g[623912],-0.055,0.172,-0.373,0.274,0.001,0.002,17778.0,5512.0,1.0
g[664029],0.171,0.172,-0.164,0.489,0.001,0.002,15286.0,6012.0,1.0
g[665019],0.094,0.15,-0.191,0.375,0.001,0.002,14700.0,5926.0,1.0
g[666018],0.009,0.163,-0.302,0.309,0.001,0.002,14055.0,5858.0,1.0
g[570560],-0.008,0.171,-0.318,0.321,0.001,0.002,14128.0,5657.0,1.0
g[641779],0.084,0.148,-0.198,0.358,0.001,0.002,16756.0,6067.0,1.0
g[608841],0.136,0.145,-0.124,0.422,0.001,0.002,14794.0,5792.0,1.0
g[571976],0.015,0.171,-0.313,0.323,0.002,0.002,12999.0,5854.0,1.0
g[681584],-0.008,0.131,-0.253,0.241,0.001,0.002,14975.0,5838.0,1.0
g[679631],-0.047,0.172,-0.37,0.277,0.001,0.002,15883.0,5727.0,1.0
g[671213],-0.047,0.115,-0.268,0.165,0.001,0.001,14707.0,5503.0,1.0
g[665650],-0.007,0.167,-0.317,0.31,0.001,0.002,18867.0,5620.0,1.0
g[676946],-0.025,0.153,-0.319,0.258,0.001,0.002,15216.0,5397.0,1.0
g[678894],0.001,0.169,-0.326,0.317,0.001,0.002,13272.0,6313.0,1.0
g[672724],0.157,0.155,-0.14,0.436,0.001,0.002,16219.0,5607.0,1.0
g[669023],-0.042,0.174,-0.375,0.289,0.001,0.002,16311.0,6071.0,1.0
g[672515],0.002,0.184,-0.335,0.344,0.001,0.002,17903.0,6065.0,1.0
g[671083],-0.016,0.176,-0.35,0.313,0.001,0.002,16014.0,5707.0,1.0
g[681146],0.055,0.131,-0.19,0.31,0.001,0.002,16703.0,5468.0,1.0
g[676950],-0.023,0.173,-0.34,0.307,0.001,0.002,17634.0,5211.0,1.0
g[686469],0.075,0.141,-0.201,0.333,0.001,0.002,16956.0,5497.0,1.0
g[660766],-0.115,0.158,-0.412,0.181,0.001,0.002,16982.0,4991.0,1.0
g[571602],0.03,0.174,-0.294,0.36,0.001,0.002,16297.0,5662.0,1.0
g[542194],-0.016,0.177,-0.351,0.311,0.002,0.002,13620.0,5798.0,1.0
g[605141],-0.063,0.152,-0.344,0.228,0.001,0.002,14587.0,5919.0,1.0
g[671289],0.036,0.149,-0.251,0.304,0.001,0.002,15729.0,5931.0,1.0
g[681987],-0.004,0.165,-0.308,0.31,0.001,0.002,17410.0,6072.0,1.0
g[660650],0.036,0.173,-0.28,0.368,0.001,0.002,14744.0,6168.0,1.0
g[676475],-0.066,0.172,-0.37,0.276,0.001,0.002,14997.0,4996.0,1.0
g[665154],-0.022,0.18,-0.37,0.303,0.001,0.002,18022.0,5626.0,1.0
g[656388],0.013,0.179,-0.32,0.35,0.001,0.002,16019.0,5623.0,1.0
g[672820],-0.13,0.147,-0.418,0.139,0.001,0.002,17600.0,5260.0,1.0
g[669087],0.016,0.175,-0.303,0.359,0.001,0.002,14787.0,5343.0,1.0
g[543592],-0.001,0.176,-0.337,0.329,0.002,0.002,13736.0,6039.0,1.0
g[553988],0.004,0.181,-0.333,0.345,0.001,0.002,17403.0,5695.0,1.0
g[656695],-0.003,0.174,-0.344,0.313,0.001,0.002,17544.0,5891.0,1.0
g[542921],-0.014,0.178,-0.356,0.315,0.001,0.003,19221.0,5380.0,1.0
g[665828],-0.227,0.129,-0.475,0.009,0.001,0.002,15889.0,5301.0,1.0
g[641470],-0.05,0.173,-0.392,0.262,0.001,0.002,16501.0,5382.0,1.0
g[592325],0.018,0.177,-0.323,0.339,0.001,0.002,18737.0,5379.0,1.0
g[606213],-0.012,0.175,-0.338,0.32,0.001,0.002,18924.0,5718.0,1.0
g[672478],-0.018,0.15,-0.293,0.275,0.001,0.002,16865.0,5645.0,1.0
g[663478],0.025,0.178,-0.323,0.343,0.001,0.002,17034.0,6040.0,1.0
g[678225],0.02,0.169,-0.285,0.356,0.001,0.002,14587.0,5730.0,1.0
g[670869],0.013,0.179,-0.316,0.364,0.001,0.002,16157.0,5995.0,1.0
g[643348],-0.007,0.18,-0.343,0.333,0.001,0.002,16018.0,5995.0,1.0
g[670298],0.013,0.176,-0.326,0.334,0.001,0.002,14734.0,6200.0,1.0
g[666179],0.009,0.179,-0.331,0.346,0.002,0.002,14014.0,5400.0,1.0
g[623507],0.027,0.174,-0.274,0.39,0.001,0.002,17866.0,6471.0,1.0
g[592192],-0.019,0.157,-0.323,0.272,0.001,0.002,17076.0,5995.0,1.0
g[676724],0.048,0.172,-0.277,0.373,0.001,0.002,16461.0,6072.0,1.0
g[666703],-0.162,0.163,-0.478,0.134,0.001,0.002,16023.0,5875.0,1.0
g[668800],0.003,0.176,-0.316,0.342,0.001,0.003,17151.0,5553.0,1.0
g[672640],-0.021,0.157,-0.307,0.283,0.001,0.002,16197.0,4963.0,1.0
g[656180],-0.001,0.176,-0.323,0.337,0.001,0.002,16385.0,5788.0,1.0
g[672580],0.03,0.106,-0.167,0.234,0.001,0.001,13056.0,6188.0,1.0
g[668930],-0.041,0.136,-0.289,0.215,0.001,0.002,14753.0,5274.0,1.0
g[687263],-0.002,0.139,-0.249,0.275,0.001,0.002,18031.0,5462.0,1.0
g[670042],-0.025,0.166,-0.346,0.282,0.001,0.002,15358.0,5386.0,1.0
g[608336],-0.013,0.157,-0.294,0.297,0.001,0.002,16436.0,6307.0,1.0
g[678246],-0.016,0.137,-0.265,0.246,0.001,0.002,17746.0,6124.0,1.0
g[682829],-0.052,0.137,-0.302,0.209,0.001,0.002,12963.0,5856.0,1.0
g[669477],-0.061,0.142,-0.318,0.211,0.001,0.002,15676.0,6130.0,1.0
g[680574],-0.145,0.163,-0.437,0.18,0.001,0.002,15627.0,6006.0,1.0
g[680869],-0.083,0.149,-0.366,0.19,0.001,0.002,16165.0,5805.0,1.0
g[655316],0.199,0.13,-0.048,0.441,0.001,0.002,14701.0,5724.0,1.0
g[683011],-0.038,0.135,-0.305,0.207,0.001,0.002,19664.0,5612.0,1.0
g[666152],0.023,0.153,-0.258,0.32,0.001,0.002,16669.0,5802.0,1.0
g[689172],-0.038,0.16,-0.335,0.267,0.001,0.002,17318.0,5601.0,1.0
g[665877],-0.094,0.166,-0.398,0.228,0.001,0.002,19633.0,5265.0,1.0
g[594777],-0.054,0.174,-0.37,0.283,0.001,0.002,19172.0,6257.0,1.0
g[676116],-0.029,0.146,-0.3,0.248,0.001,0.002,14606.0,5551.0,1.0
g[683737],0.071,0.13,-0.182,0.306,0.001,0.002,14312.0,5395.0,1.0
g[691026],-0.037,0.135,-0.287,0.214,0.001,0.002,16109.0,5753.0,1.0
g[666906],-0.024,0.176,-0.35,0.31,0.001,0.002,14719.0,5672.0,1.0
g[679845],-0.101,0.162,-0.403,0.201,0.001,0.002,15183.0,6165.0,1.0
g[677587],-0.118,0.151,-0.404,0.162,0.001,0.002,14644.0,5201.0,1.0
g[676059],-0.09,0.135,-0.338,0.166,0.001,0.002,15852.0,5888.0,1.0
g[666397],0.04,0.162,-0.265,0.347,0.001,0.002,17457.0,5738.0,1.0
g[663796],0.019,0.18,-0.316,0.36,0.001,0.002,17419.0,5647.0,1.0
g[669707],-0.045,0.119,-0.269,0.178,0.001,0.001,13846.0,5960.0,1.0
g[693304],0.007,0.155,-0.291,0.293,0.001,0.002,14848.0,6000.0,1.0
g[666134],0.043,0.169,-0.26,0.382,0.001,0.002,17142.0,5753.0,1.0
g[682622],-0.14,0.141,-0.414,0.119,0.001,0.002,17198.0,5803.0,1.0
g[621545],-0.053,0.165,-0.361,0.26,0.001,0.002,18057.0,5672.0,1.0
g[682617],-0.031,0.174,-0.373,0.281,0.002,0.002,12804.0,6005.0,1.0
g[676609],0.129,0.144,-0.14,0.396,0.001,0.002,16052.0,5880.0,1.0
g[521692],0.015,0.161,-0.285,0.322,0.001,0.002,20945.0,5630.0,1.0
g[670223],0.028,0.159,-0.264,0.332,0.001,0.002,17598.0,5335.0,1.0
g[675961],-0.024,0.17,-0.329,0.31,0.001,0.002,14156.0,6055.0,1.0
g[542208],-0.011,0.18,-0.352,0.333,0.001,0.002,16248.0,6063.0,1.0
g[686531],-0.025,0.169,-0.335,0.302,0.001,0.002,17147.0,5982.0,1.0
g[678545],-0.04,0.176,-0.375,0.284,0.001,0.002,23811.0,5731.0,1.0
g[687952],-0.029,0.17,-0.345,0.294,0.001,0.002,16406.0,5243.0,1.0
g[572138],0.018,0.151,-0.272,0.306,0.001,0.002,17383.0,5687.0,1.0
g[677588],0.057,0.158,-0.244,0.353,0.001,0.002,15286.0,5149.0,1.0
g[668901],-0.187,0.127,-0.435,0.042,0.001,0.002,16788.0,5802.0,1.0
g[642215],0.033,0.173,-0.284,0.368,0.001,0.002,14731.0,5837.0,1.0
g[669364],0.009,0.164,-0.297,0.323,0.001,0.002,18316.0,5595.0,1.0
g[547180],0.224,0.116,0.011,0.443,0.001,0.001,12667.0,6384.0,1.0
g[595909],0.033,0.175,-0.294,0.363,0.001,0.002,16585.0,6055.0,1.0
g[678554],-0.027,0.162,-0.339,0.273,0.001,0.002,15625.0,5654.0,1.0
g[691783],-0.004,0.184,-0.357,0.331,0.001,0.003,16801.0,5835.0,1.0
g[694384],0.089,0.151,-0.192,0.375,0.001,0.002,15058.0,5758.0,1.0
g[678882],-0.075,0.16,-0.378,0.219,0.001,0.002,15938.0,5966.0,1.0
g[682073],-0.006,0.177,-0.343,0.326,0.001,0.002,14954.0,5587.0,1.0
g[687401],0.046,0.128,-0.207,0.279,0.001,0.002,16423.0,6038.0,1.0
g[665839],0.033,0.158,-0.287,0.308,0.001,0.002,14619.0,5813.0,1.0
g[663550],0.001,0.176,-0.332,0.322,0.001,0.002,15860.0,5933.0,1.0
g[677595],-0.034,0.175,-0.355,0.295,0.002,0.002,13476.0,6141.0,1.0
g[691016],0.08,0.16,-0.226,0.387,0.001,0.002,17544.0,5138.0,1.0
g[676070],-0.014,0.175,-0.348,0.304,0.001,0.002,14673.0,5428.0,1.0
g[676914],0.023,0.169,-0.303,0.335,0.001,0.002,15929.0,6222.0,1.0
g[666197],0.043,0.171,-0.285,0.357,0.002,0.002,12633.0,6058.0,1.0
g[673237],0.064,0.177,-0.269,0.396,0.001,0.002,16162.0,5317.0,1.0
g[641525],0.047,0.18,-0.282,0.401,0.001,0.002,17145.0,5784.0,1.0
g[578570],0.069,0.177,-0.267,0.407,0.001,0.002,17942.0,5661.0,1.0
g[666149],0.028,0.163,-0.303,0.315,0.001,0.002,14015.0,5763.0,1.0
g[691406],-0.089,0.171,-0.398,0.241,0.001,0.002,19178.0,5669.0,1.0
g[657136],0.019,0.176,-0.321,0.345,0.001,0.002,16119.0,5030.0,1.0
g[676761],0.038,0.174,-0.284,0.369,0.001,0.002,18051.0,5743.0,1.0
g[656484],0.005,0.169,-0.308,0.327,0.001,0.002,16176.0,5531.0,1.0
g[669392],-0.003,0.176,-0.326,0.332,0.001,0.002,14459.0,6067.0,1.0
g[543482],-0.001,0.18,-0.332,0.343,0.002,0.002,13826.0,5812.0,1.0
g[663609],0.011,0.177,-0.336,0.336,0.001,0.002,18200.0,5524.0,1.0
g[592669],-0.017,0.177,-0.353,0.312,0.001,0.002,18363.0,5473.0,1.0
g[681807],-0.1,0.176,-0.44,0.225,0.001,0.002,15982.0,5318.0,1.0
g[669200],-0.095,0.179,-0.44,0.233,0.001,0.003,16689.0,5444.0,1.0
g[681962],0.051,0.171,-0.279,0.366,0.001,0.002,13676.0,5926.0,1.0
g[680700],-0.01,0.174,-0.33,0.329,0.001,0.002,14667.0,6226.0,1.0
g[518792],-0.007,0.18,-0.351,0.323,0.002,0.002,13630.0,6148.0,1.0
g[680716],-0.027,0.172,-0.36,0.287,0.001,0.002,13701.0,5480.0,1.0
g[682848],0.002,0.177,-0.315,0.352,0.001,0.002,14512.0,6139.0,1.0
g[677347],0.002,0.173,-0.311,0.337,0.001,0.002,19258.0,5901.0,1.0
g[623993],0.014,0.172,-0.321,0.332,0.001,0.002,14459.0,6056.0,1.0
g[687462],-0.074,0.169,-0.393,0.246,0.001,0.002,13556.0,6190.0,1.0
g[696100],-0.037,0.177,-0.373,0.301,0.001,0.002,16226.0,5772.0,1.0
g[672012],0.063,0.174,-0.268,0.379,0.001,0.002,16117.0,5364.0,1.0
g[702358],0.024,0.153,-0.271,0.303,0.001,0.002,16753.0,6247.0,1.0
g[680474],0.157,0.154,-0.133,0.443,0.001,0.002,16778.0,5735.0,1.0
g[687231],-0.035,0.158,-0.327,0.265,0.001,0.002,17391.0,5866.0,1.0
g[805779],0.129,0.172,-0.194,0.449,0.001,0.002,14394.0,6144.0,1.0
g[690993],-0.053,0.151,-0.327,0.236,0.001,0.002,16480.0,6030.0,1.0
g[683083],-0.097,0.168,-0.398,0.234,0.001,0.002,15661.0,5744.0,1.0
g[681393],-0.006,0.169,-0.33,0.304,0.001,0.002,17624.0,5562.0,1.0
g[673995],0.077,0.167,-0.24,0.387,0.001,0.002,15360.0,5582.0,1.0
g[682177],0.022,0.17,-0.298,0.343,0.001,0.002,13143.0,5940.0,1.0
g[694376],0.027,0.177,-0.306,0.353,0.001,0.002,14677.0,5887.0,1.0
g[686797],-0.026,0.161,-0.325,0.279,0.001,0.002,17359.0,6220.0,1.0
g[702616],0.063,0.166,-0.241,0.382,0.001,0.002,14869.0,5096.0,1.0
g[694377],-0.017,0.173,-0.339,0.312,0.001,0.002,17628.0,5917.0,1.0
g[686554],0.058,0.171,-0.261,0.381,0.001,0.002,20202.0,5601.0,1.0
g[695238],0.023,0.174,-0.313,0.338,0.001,0.002,15756.0,6054.0,1.0
g[676572],0.026,0.169,-0.286,0.343,0.001,0.002,15144.0,5894.0,1.0
g[686765],0.01,0.169,-0.316,0.32,0.001,0.002,17658.0,5907.0,1.0
g[677870],-0.072,0.172,-0.391,0.258,0.001,0.002,14290.0,5688.0,1.0
g[665782],0.049,0.175,-0.283,0.375,0.001,0.002,15964.0,5703.0,1.0
g[665953],0.04,0.174,-0.284,0.373,0.001,0.002,16226.0,5718.0,1.0
g[691182],-0.026,0.176,-0.365,0.3,0.001,0.002,14857.0,5815.0,1.0
g[680718],-0.043,0.165,-0.343,0.273,0.001,0.002,13471.0,5834.0,1.0
g[700242],0.001,0.164,-0.308,0.311,0.001,0.002,14262.0,5611.0,1.0
g[701305],0.036,0.172,-0.286,0.357,0.001,0.002,17109.0,5480.0,1.0
g[669699],0.024,0.168,-0.284,0.352,0.001,0.002,17093.0,5749.0,1.0
g[677942],0.033,0.164,-0.298,0.328,0.001,0.002,22576.0,5785.0,1.0
g[690291],-0.065,0.16,-0.367,0.228,0.001,0.002,17163.0,5637.0,1.0
g[695391],-0.103,0.154,-0.387,0.185,0.001,0.002,18419.0,6158.0,1.0
g[682868],-0.142,0.156,-0.431,0.154,0.001,0.002,15932.0,5658.0,1.0
g[641432],0.01,0.178,-0.327,0.338,0.001,0.002,16854.0,6141.0,1.0
g[681460],0.015,0.173,-0.32,0.332,0.002,0.002,13296.0,5729.0,1.0
g[669137],0.001,0.179,-0.328,0.345,0.001,0.002,16803.0,5810.0,1.0
g[668723],0.011,0.177,-0.31,0.343,0.001,0.002,18002.0,6187.0,1.0
g[668845],0.041,0.169,-0.271,0.359,0.001,0.002,17846.0,5737.0,1.0
g[660844],0.065,0.175,-0.253,0.401,0.002,0.002,13572.0,5605.0,1.0
g[668885],0.055,0.173,-0.269,0.383,0.001,0.003,18739.0,5344.0,1.0
g[686217],-0.001,0.18,-0.331,0.344,0.002,0.002,14431.0,6081.0,1.0
g[688363],0.013,0.179,-0.315,0.352,0.001,0.002,15750.0,5449.0,1.0
g[700250],0.06,0.17,-0.26,0.387,0.001,0.002,16807.0,6004.0,1.0
g[670092],-0.002,0.178,-0.34,0.33,0.001,0.002,16259.0,5833.0,1.0
g[642197],-0.061,0.175,-0.388,0.263,0.001,0.002,15607.0,6001.0,1.0
g[805373],0.03,0.176,-0.308,0.342,0.001,0.002,16654.0,6075.0,1.0
g[682668],-0.04,0.173,-0.351,0.302,0.001,0.003,19912.0,5099.0,1.0
g[676679],-0.002,0.176,-0.333,0.326,0.001,0.002,14594.0,5982.0,1.0
g[695336],-0.045,0.176,-0.372,0.3,0.001,0.003,16516.0,5118.0,1.0
g[691723],-0.023,0.172,-0.354,0.287,0.001,0.002,16121.0,6037.0,1.0
g[669208],0.03,0.179,-0.306,0.367,0.001,0.002,18549.0,5443.0,1.0
g[682657],-0.011,0.176,-0.35,0.308,0.001,0.002,13782.0,5496.0,1.0
g[678877],-0.006,0.178,-0.35,0.322,0.001,0.002,17517.0,6099.0,1.0
g[694388],0.009,0.177,-0.295,0.366,0.001,0.002,17999.0,5619.0,1.0
g[680769],0.06,0.179,-0.287,0.383,0.002,0.002,13619.0,5539.0,1.0
g[682988],0.015,0.178,-0.314,0.361,0.001,0.002,16002.0,5380.0,1.0
g[695257],-0.003,0.174,-0.335,0.32,0.001,0.002,14944.0,5485.0,1.0
g[694359],0.012,0.18,-0.318,0.359,0.001,0.003,16477.0,5172.0,1.0
g[691594],-0.038,0.175,-0.368,0.284,0.001,0.002,14370.0,6252.0,1.0
g[596142],-0.006,0.179,-0.356,0.323,0.001,0.002,14931.0,5916.0,1.0
g[666464],0.012,0.182,-0.338,0.34,0.001,0.002,15281.0,6230.0,1.0
g[700932],0.0,0.176,-0.34,0.318,0.001,0.003,18282.0,4701.0,1.0
g[668853],0.016,0.179,-0.306,0.366,0.001,0.002,16897.0,5986.0,1.0
g[664954],0.001,0.177,-0.33,0.335,0.001,0.002,16670.0,6117.0,1.0
g[645444],-0.003,0.18,-0.347,0.337,0.001,0.002,15782.0,5971.0,1.0
g[686555],-0.001,0.179,-0.329,0.345,0.001,0.003,17089.0,5275.0,1.0
g[679822],0.011,0.181,-0.332,0.348,0.001,0.002,17099.0,5162.0,1.0
g[681508],0.021,0.177,-0.317,0.342,0.001,0.002,16001.0,5878.0,1.0
g[671117],-0.002,0.176,-0.338,0.319,0.001,0.002,15445.0,6036.0,1.0
