batter,n_gb,n_restarts,ref_exp_outs,cand_exp_outs,shortfall,pos_gap_ft
690993,194,20,0.7590233321574816,0.7589518295308229,7.150262665878149e-05,15.994249994969133
690993,194,16,0.7590233321574816,0.7588403931035884,0.0001829390538932163,3.848813828206854
690993,194,12,0.7590233321574816,0.7589877015501579,3.563060732370005e-05,1.0729699462984925
690993,194,10,0.7590233321574816,0.7578923302850352,0.0011310018724464133,30.638266511846332
690993,194,8,0.7590233321574816,0.7578923302850352,0.0011310018724464133,30.638266511846332
670042,238,20,0.7775969223086814,0.7771651062183071,0.0004318160903742374,3.795141342727099
670042,238,16,0.7775969223086814,0.7775969087628346,1.3545846777596182e-08,0.010284786884304233
670042,238,12,0.7775969223086814,0.7775969037691706,1.8539510815429594e-08,0.07020240367910349
670042,238,10,0.7775969223086814,0.7740192780529849,0.0035776442556965105,32.6788413315221
670042,238,8,0.7775969223086814,0.777596922080861,2.2782042918834122e-10,0.006942881775251406
656976,122,20,0.779751247457069,0.7796039119051624,0.0001473355519066022,3.5306832925985216
656976,122,16,0.779751247457069,0.7797230909701216,2.8156486947428228e-05,1.6344393421958812
656976,122,12,0.779751247457069,0.7795363400836249,0.00021490737344409538,8.056146324434307
656976,122,10,0.779751247457069,0.7795363120514263,0.0002149354056427688,8.043641768855348
656976,122,8,0.779751247457069,0.7780117238816197,0.0017395235754493754,2.3642109725967204
660688,343,20,0.7915250764042231,0.7915250763250844,7.913869559672548e-11,0.0010162336266475655
660688,343,16,0.7915250764042231,0.791309593419403,0.00021548298482010342,3.4858216254460865
660688,343,12,0.7915250764042231,0.7915250762717552,1.324679255176875e-10,0.0009952973645402507
660688,343,10,0.7915250764042231,0.7915250763957871,8.436029652614252e-12,0.00031756669892042336
660688,343,8,0.7915250764042231,0.7915250763469913,5.7231774874821895e-11,0.0006858190452045082
656775,255,20,0.7666119928678423,0.7666432897376638,-3.129686982150659e-05,34.98980809081759
656775,255,16,0.7666119928678423,0.7665022368494202,0.00010975601842211358,35.0339261301226
656775,255,12,0.7666119928678423,0.7660060616431102,0.0006059312247320703,3.9241989827687727
656775,255,10,0.7666119928678423,0.7658038029926804,0.0008081898751619576,23.92962571997265
656775,255,8,0.7666119928678423,0.7665045980933304,0.00010739477451193746,33.88657185209919
666023,226,20,0.7624180571443242,0.7624180571360784,8.245848448495963e-12,0.0021415629889547185
666023,226,16,0.7624180571443242,0.762418056629021,5.153032445193162e-10,0.0053715954861357895
666023,226,12,0.7624180571443242,0.7624180568617157,2.826084921636607e-10,0.004783481224912719
666023,226,10,0.7624180571443242,0.7624180571342576,1.006661420888122e-11,0.00037994552278668354
666023,226,8,0.7624180571443242,0.7624180213750379,3.5769286310660675e-08,0.024453752693461454
663743,251,20,0.7574871466540936,0.757423908621376,6.323803271757189e-05,4.805517493269986
663743,251,16,0.7574871466540936,0.7574685757497729,1.8570904320669435e-05,2.067730067762107
663743,251,12,0.7574871466540936,0.75746857806946,1.856858463356037e-05,2.064810262852672
663743,251,10,0.7574871466540936,0.7574685795829361,1.8567071157438164e-05,2.0622899842770144
663743,251,8,0.7574871466540936,0.7574685795888086,1.8567065284913475e-05,2.062223397177204
681481,226,20,0.7696507390190136,0.7693139939514365,0.0003367450675770822,10.589003108635742
681481,226,16,0.7696507390190136,0.7692782448279837,0.0003724941910299151,13.086117463646854
681481,226,12,0.7696507390190136,0.7692783826494579,0.00037235636955568197,13.83246622304951
681481,226,10,0.7696507390190136,0.7696605239187446,-9.784899731024588e-06,1.2364771473326064
681481,226,8,0.7696507390190136,0.7692427358003991,0.00040800321861445,12.520964970588409
668800,120,20,0.7822542508554684,0.7822542508318931,2.357525286100781e-11,0.0008579734721562383
668800,120,16,0.7822542508554684,0.7822542502400099,6.154584619721959e-10,0.002243442143067135
668800,120,12,0.7822542508554684,0.7822542500572989,7.981695304692948e-10,0.004112070446419195
668800,120,10,0.7822542508554684,0.7822542508548068,6.615819003741308e-13,0.00012049834087938883
668800,120,8,0.7822542508554684,0.7822542507987676,5.670075520214368e-11,0.0012124528517225644
595978,114,20,0.845684198923238,0.8456841887059982,1.0217239831966651e-08,0.017763816446885974
595978,114,16,0.845684198923238,0.8456841893677403,9.555497726410067e-09,0.017956317323953936
595978,114,12,0.845684198923238,0.8443459894678428,0.0013382094553952006,10.201478536077587
595978,114,10,0.845684198923238,0.8456828020278765,1.3968953614940105e-06,0.13861306112982327
595978,114,8,0.845684198923238,0.8456841955018373,3.421400718295331e-09,0.013395601632854592
624431,166,20,0.8260295968792122,0.8260295960734785,8.05733701980671e-10,0.006065836887855631
624431,166,16,0.8260295968792122,0.8260295967195208,1.5969137123761357e-10,0.00648157422825922
624431,166,12,0.8260295968792122,0.8260295928637927,4.0154194413943856e-09,0.0056684161829389885
624431,166,10,0.8260295968792122,0.8260295978444443,-9.652321164566047e-10,0.002642967713312739
624431,166,8,0.8260295968792122,0.8260295974190267,-5.398145264123855e-10,0.0015092045705635008
682829,336,20,0.7554655221997215,0.7553500720783611,0.00011545012136038313,9.104940994507507
682829,336,16,0.7554655221997215,0.7553588910835053,0.000106631116216227,7.259750161956376
682829,336,12,0.7554655221997215,0.7556543656016207,-0.0001888434018991747,0.9736019210178536
682829,336,10,0.7554655221997215,0.7549685297590435,0.0004969924406780235,14.451610287917932
682829,336,8,0.7554655221997215,0.754925606118651,0.0005399160810705128,3.6142564682241765
628451,190,20,0.7176698838054961,0.7157949623444783,0.0018749214610178644,42.83828972656239
628451,190,16,0.7176698838054961,0.7173840074949287,0.00028587631056742335,3.1979563153057637
628451,190,12,0.7176698838054961,0.7157758780385336,0.0018940057669625254,42.79089961860776
628451,190,10,0.7176698838054961,0.71766988373151,7.398615053944013e-11,0.004797549727786599
628451,190,8,0.7176698838054961,0.7156049610439249,0.0020649227615712196,40.688390513126365
571448,379,20,0.8021039360557319,0.8021039360563553,-6.233902283270254e-13,0.00015624047076761685
571448,379,16,0.8021039360557319,0.8021039360555015,2.304822999121825e-13,8.787855802905008e-05
571448,379,12,0.8021039360557319,0.8021039360554891,2.4280577548552174e-13,0.0001678507112575758
571448,379,10,0.8021039360557319,0.8021039360542087,1.5232259897857148e-12,0.0001381698928238217
571448,379,8,0.8021039360557319,0.8021039360542087,1.5232259897857148e-12,0.0001381698928238217
642180,85,20,0.8093665281889241,0.8093665281898191,-8.950618024528012e-13,0.0014140596597578367
642180,85,16,0.8093665281889241,0.8093665281879555,9.685585666829866e-13,0.0017317915770644573
642180,85,12,0.8093665281889241,0.8093603857798909,6.142409033182972e-06,4.23199317874396
642180,85,10,0.8093665281889241,0.8093665131981518,1.4990772290168763e-08,0.029260420862683156
642180,85,8,0.8093665281889241,0.8093665241359673,4.052956747990777e-09,0.03156786866279983
666135,144,20,0.7852128008314874,0.7845915729179084,0.0006212279135789922,10.103710228591957
666135,144,16,0.7852128008314874,0.7837293397620559,0.0014834610694314243,4.155195420324839
666135,144,12,0.7852128008314874,0.7835254446888614,0.0016873561426259398,12.808164231100308
666135,144,10,0.7852128008314874,0.7843296870674669,0.0008831137640205045,2.9717834327574524
666135,144,8,0.7852128008314874,0.7800803025587908,0.005132498272696573,26.99504449533909
665862,358,20,0.7743763594221817,0.7743763337027169,2.5719464891160726e-08,0.02205010514881409
665862,358,16,0.7743763594221817,0.7743763192827731,4.01394086857465e-08,0.027430619508313714
665862,358,12,0.7743763594221817,0.7743763563650722,3.0571095654963187e-09,0.005057603965034637
665862,358,10,0.7743763594221817,0.772983056552617,0.0013933028695647387,29.937831718213072
665862,358,8,0.7743763594221817,0.7743763058923536,5.352982812567575e-08,0.036370959156371806
678662,355,20,0.7207612235593209,0.7201414565975442,0.0006197669617766799,6.047905907040554
678662,355,16,0.7207612235593209,0.7205135756446401,0.00024764791468079306,4.821106848601124
678662,355,12,0.7207612235593209,0.72049916324663,0.0002620603126909371,3.755772916414837
678662,355,10,0.7207612235593209,0.7207150725746992,4.615098462168454e-05,2.1782085897882038
678662,355,8,0.7207612235593209,0.7205303403554635,0.00023088320385744598,3.9014452602050107
592206,399,20,0.7349282411515247,0.7347470320678847,0.0001812090836399438,2.4248595405172626
592206,399,16,0.7349282411515247,0.7347789239618452,0.0001493171896794765,1.5949577425300545
592206,399,12,0.7349282411515247,0.7347326837114936,0.00019555744003108,3.0281806872786876
592206,399,10,0.7349282411515247,0.7346409081066165,0.0002873330449081335,2.5084808727034247
592206,399,8,0.7349282411515247,0.7347464073782662,0.00018183377325842187,2.6523763883586677
667452,143,20,0.7278539095355097,0.7270733154981256,0.0007805940373840636,6.932969999866103
667452,143,16,0.7278539095355097,0.7268009292023645,0.0010529803331451593,18.305222972933173
667452,143,12,0.7278539095355097,0.7270032420638368,0.0008506674716728391,11.320456450697048
667452,143,10,0.7278539095355097,0.7268008722035827,0.0010530373319269648,18.236270455333
667452,143,8,0.7278539095355097,0.7268402478758282,0.0010136616596814196,13.268328233268806
686681,233,20,0.7818949238989552,0.781880553337985,1.4370560970200508e-05,2.2129384296973877
686681,233,16,0.7818949238989552,0.7817812941012074,0.00011362979774776072,5.418572452894145
686681,233,12,0.7818949238989552,0.7807155074388595,0.0011794164600956725,37.181449766450925
686681,233,10,0.7818949238989552,0.7789814248318132,0.0029134990671420002,42.79582259371818
686681,233,8,0.7818949238989552,0.7789404770131582,0.0029544468857970463,7.338850790028861
701538,184,20,0.7607820415080955,0.7606316246047603,0.000150416903335171,6.069580656454203
701538,184,16,0.7607820415080955,0.7605749849151079,0.00020705659298758672,3.369689190954688
701538,184,12,0.7607820415080955,0.7607173174869525,6.472402114299225e-05,0.9615990506494079
701538,184,10,0.7607820415080955,0.7606088554359552,0.00017318607214023007,2.1593283222348814
701538,184,8,0.7607820415080955,0.7605749848794052,0.00020705662869024977,3.369686619327307
680118,104,20,0.7442910599986503,0.7442910586165508,1.3820995459212781e-09,0.004438403622936761
680118,104,16,0.7442910599986503,0.7442910562040133,3.794637049026051e-09,0.034037565814035414
680118,104,12,0.7442910599986503,0.7429570962517584,0.0013339637468918752,44.88610121906198
680118,104,10,0.7442910599986503,0.7429930075485601,0.0012980524500901813,44.778644494369225
680118,104,8,0.7442910599986503,0.7429913068129927,0.0012997531856575595,44.80808105494488
672761,113,20,0.7620202118458798,0.7618703732881427,0.00014983855773709198,10.369762368226937
672761,113,16,0.7620202118458798,0.761917146371486,0.00010306547439375979,4.47262952824269
672761,113,12,0.7620202118458798,0.7618703702921463,0.0001498415537334319,10.373539753812812
672761,113,10,0.7620202118458798,0.7616981688156079,0.0003220430302718347,3.5587513653787317
672761,113,8,0.7620202118458798,0.7618703777774003,0.00014983406847945968,10.3700438797688
573262,193,20,0.7724397906577963,0.7724580535394697,-1.8262881673392073e-05,2.228585597739612
573262,193,16,0.7724397906577963,0.7721880075126706,0.0002517831451257502,6.453830666381386
573262,193,12,0.7724397906577963,0.7714342310221722,0.0010055596356240981,37.55879981020601
573262,193,10,0.7724397906577963,0.7713914660912007,0.0010483245665956487,11.483373114569568
573262,193,8,0.7724397906577963,0.7714047969585556,0.0010349936992407605,35.88397460781849
642715,297,20,0.7366026009132879,0.7364258242725187,0.00017677664076920507,7.638708869366361
642715,297,16,0.7366026009132879,0.7364257902035237,0.00017681070976416358,7.62873092228314
642715,297,12,0.7366026009132879,0.7364258261989095,0.00017677471437838044,7.603129418700075
642715,297,10,0.7366026009132879,0.7353074443117884,0.0012951566014994809,34.95233405892946
642715,297,8,0.7366026009132879,0.7364258264107946,0.0001767745024933154,7.618191125112215
608671,208,20,0.7798854498237398,0.7798854210098664,2.881387339837005e-08,0.05065410521887611
608671,208,16,0.7798854498237398,0.7798854437638041,6.05993566438201e-09,0.007995939533116114
608671,208,12,0.7798854498237398,0.7798025165930382,8.29332307015207e-05,0.8511204799848358
608671,208,10,0.7798854498237398,0.7797754244554213,0.0001100253683185004,2.1849053808992043
608671,208,8,0.7798854498237398,0.7797470323321579,0.00013841749158183259,3.0139796360676576
668731,133,20,0.7962914107054451,0.7962914063474618,4.3579833075568786e-09,0.0037160639917072262
668731,133,16,0.7962914107054451,0.7962914063474618,4.3579833075568786e-09,0.0037160639917072262
668731,133,12,0.7962914107054451,0.7962914063474618,4.3579833075568786e-09,0.0037160639917072262
668731,133,10,0.7962914107054451,0.7962914063474618,4.3579833075568786e-09,0.0037160639917072262
668731,133,8,0.7962914107054451,0.7962914063474618,4.3579833075568786e-09,0.0037160639917072262
687462,131,20,0.8205255791772332,0.820482728152402,4.285102483125858e-05,0.5655836486079301
687462,131,16,0.8205255791772332,0.8204827281506197,4.28510266134996e-05,0.5657292184516176
687462,131,12,0.8205255791772332,0.820518298948308,7.28022892526603e-06,0.47919818242968903
687462,131,10,0.8205255791772332,0.8204827281506197,4.28510266134996e-05,0.5657292184516176
687462,131,8,0.8205255791772332,0.8204827281506197,4.28510266134996e-05,0.5657292184516176
680911,115,20,0.7367033229183862,0.7367033209934613,1.924924997176447e-09,0.003473085263522413
680911,115,16,0.7367033229183862,0.7367033221404581,7.779281663289339e-10,0.00704515754062173
680911,115,12,0.7367033229183862,0.7367033164175745,6.500811777776505e-09,0.0221561938440288
680911,115,10,0.7367033229183862,0.736690827397822,1.2495520564259621e-05,3.410887003260144
680911,115,8,0.7367033229183862,0.7367031030489147,2.1986947151830805e-07,0.058518403841178665
