batter,n_tr,n_te,eo_outsopt,eo_runsopt,dre_outsopt,dre_runsopt
457705,259,156,0.7377895027842024,0.737735995169518,-0.059771721953654156,-0.05986598546427385
467793,357,140,0.7498054559335551,0.7512320209785952,-0.06891124676292892,-0.06986595512049293
500743,285,113,0.7677003708561245,0.7680379920400098,-0.07931725248291455,-0.07957526763734168
502054,332,158,0.7424249318744703,0.7423867530868307,-0.06259816999762108,-0.06259163356866787
502671,366,154,0.7538047305324006,0.7537422276831897,-0.07166817528862102,-0.07164882323954247
514888,353,199,0.7493615819661381,0.7495460174145137,-0.06608765804922873,-0.06619030426296113
516782,282,106,0.7427376266428177,0.7417087679688502,-0.06391760436723498,-0.06336617339891998
518692,385,200,0.7367327466096151,0.7365259334675202,-0.05838582203763326,-0.058310531484146444
521692,300,169,0.8271706569804175,0.8273748896096951,-0.11832951546727044,-0.1185309074503813
527038,168,116,0.8151860660176458,0.8151653422362861,-0.11064512317330877,-0.11063433340407458
542303,325,137,0.797056067651616,0.7958273530536143,-0.09960741909289378,-0.0988362688252345
543760,420,133,0.7155609359600262,0.7153845217038199,-0.04782611154710359,-0.04773398836329834
543807,440,171,0.7416945871001989,0.7418026572762982,-0.06275085988687495,-0.06282365694569181
545341,213,85,0.7311772032014626,0.7312275850692018,-0.05155359873731413,-0.05159377426084477
547180,322,176,0.7448858411373568,0.743154551453885,-0.06441123355310069,-0.06336034330215784
553993,269,141,0.7830630367374884,0.7829251224225076,-0.08838738048863681,-0.08838956263889708
571448,367,125,0.7935536937006021,0.7934917801303082,-0.09529739833800055,-0.09525559073068512
571657,171,91,0.800545000023505,0.8007859808254026,-0.10086236105210578,-0.10105548398955178
571771,254,80,0.7398959974407427,0.7400009433811905,-0.06234183355320866,-0.06242071499576163
571970,162,92,0.7431531425937198,0.7419063513473848,-0.06274750740205237,-0.06202476062237278
572233,331,151,0.7631362844989482,0.7630282011567633,-0.07606598574171602,-0.07601313665962994
573262,171,112,0.7511077703648008,0.7525098921307029,-0.07018414130139539,-0.07104891576904199
575929,246,147,0.7285638941630898,0.7281108889002641,-0.05597096421890396,-0.0557059784047641
592206,391,175,0.7335169203275823,0.7346453803883729,-0.058984404824676706,-0.05966401913822944
592450,206,139,0.7387548975768663,0.7387039028220836,-0.061342255621517405,-0.061344196106551174
592518,377,190,0.7550893335047572,0.7549438740896056,-0.07292837963820514,-0.0728754493463808
592626,210,79,0.7140986578683298,0.7145289790423288,-0.045156791935887675,-0.04542773927565524
592663,273,174,0.7235324539997235,0.7232974734595125,-0.04965826672561363,-0.04951114630022374
592885,341,242,0.7547120327478138,0.7549699361406778,-0.07139167908557531,-0.07155713951154408
593428,415,172,0.721951723218846,0.7223162677827354,-0.04767523131528195,-0.04792079886391387
593871,159,162,0.7170806895174797,0.7162887488285372,-0.04234726888247686,-0.04170865412542274
595777,347,92,0.7077627614875183,0.7095799096791403,-0.040399066215072665,-0.04172446284522313
595879,303,157,0.7325968591379346,0.7328595186009934,-0.057146433492420434,-0.05735423436468945
596019,350,193,0.737106636554495,0.7370612600556141,-0.060617332047227634,-0.060597312715855445
596146,232,118,0.7379216269796806,0.7379243868882825,-0.05973239939592351,-0.05974167999181762
602104,230,112,0.7918789546596694,0.7918382938768561,-0.09670612365971343,-0.09668192545599008
605137,410,167,0.7680829897639121,0.7671133485487506,-0.08107957755345091,-0.08053099726854518
605141,268,196,0.7410721168563383,0.7409563758878693,-0.06195258873230325,-0.06191409953976901
605170,179,120,0.75196430974985,0.7552043218814632,-0.06810668773781076,-0.07049448458287283
606115,413,77,0.8172143690601421,0.8127586901074558,-0.1116406710374529,-0.10903075487361591
606192,373,196,0.7338008547523028,0.7337733711360296,-0.05786204974260617,-0.05785213703777292
606466,436,161,0.7256929721470117,0.7251053447759895,-0.05070168910026501,-0.050430569935764336
607043,384,206,0.7230498136406283,0.7249984229729021,-0.05142309089494107,-0.05265172090700454
607208,413,239,0.7061517289391691,0.7061478587298577,-0.040806649892990376,-0.040803424091090834
608070,387,179,0.7115324933429201,0.7147323510865249,-0.04052548540507883,-0.0426990746383486
608324,381,145,0.7725532544658947,0.7704533032336004,-0.08383479999409149,-0.08253457738359365
608348,150,112,0.81340705954466,0.8134355958362829,-0.1102826488178808,-0.11031203473143397
608369,325,128,0.749759962246257,0.7495608483812379,-0.07078911871409443,-0.07066417723277452
609280,165,129,0.7571553937803017,0.7570714600056595,-0.07455214132994054,-0.07453145110511877
621020,371,178,0.7088953468532667,0.7086976534662703,-0.04327329288781612,-0.043171239615949375
621043,308,208,0.7525645783284,0.75394567791595,-0.06956254233437886,-0.07069903717954473
621438,155,80,0.7242016809584552,0.7237338211368606,-0.05308215590476234,-0.05280839874123061
621493,258,141,0.7350957501729721,0.7351848770292343,-0.057646846588408907,-0.05775582931938433
621566,323,177,0.7428877215313249,0.7404762599103449,-0.064225511841484,-0.06330804432431897
624413,354,178,0.7807840580723961,0.7805359562772138,-0.0886035074292929,-0.08845271258537857
624424,258,126,0.757096189976556,0.7572190358175269,-0.07222862656669043,-0.07234801101996641
624428,201,137,0.7707846062205221,0.7703181381276524,-0.08314798334285795,-0.08285491649956317
624431,159,118,0.8248753907854973,0.8247505982638912,-0.11552122751616001,-0.11551426448783109
624585,269,84,0.8181798659832152,0.8181321761152331,-0.11001517324158733,-0.10999778841264912
624641,180,87,0.741985515190515,0.7423412869194743,-0.06238698711583568,-0.06265342432501625
630105,325,139,0.7449108593150238,0.7390467623087672,-0.06478940688550461,-0.06151856456673599
641355,299,173,0.780788361542863,0.7807021271689151,-0.08605760955664521,-0.08605005400517252
641487,283,208,0.754743588772539,0.7541770927711341,-0.070916304133608,-0.07066187799863399
641680,300,128,0.7845231270383866,0.7837748381762262,-0.0902718571427184,-0.08986889389078795
641857,348,143,0.7281066410111725,0.7289686707270852,-0.053228105017831706,-0.05410953637858262
642133,197,86,0.8095063458125826,0.8089208302999716,-0.10675284844941185,-0.1063802945115862
642708,323,77,0.6948651003281712,0.694791027802605,-0.03197082894732822,-0.03195839726951283
642715,273,132,0.7291944516813699,0.7283316276136205,-0.053720911552856854,-0.05322043447824487
643217,328,112,0.7900121628118635,0.788562826250722,-0.09397905312979055,-0.0931212054279294
643289,335,134,0.7415102334772595,0.7415799673427271,-0.06405668010865251,-0.06409306387328884
643396,315,216,0.7656450684673929,0.7664792863330535,-0.07929108027681742,-0.07995829341730448
643446,356,124,0.754892352361477,0.7547819657191285,-0.0700494613079482,-0.06999028449365186
643565,202,90,0.7334230010436329,0.7316340372179903,-0.06069066640126958,-0.05962247156733275
645277,308,191,0.7491420569903159,0.7497970248840485,-0.0657600954214706,-0.06620912256422701
646240,343,172,0.7264552711227615,0.7246693790989959,-0.05450859357144944,-0.05342019142202442
647304,389,233,0.7593723744672323,0.7593396133918184,-0.07449035378697755,-0.07451843184063911
650333,512,264,0.7568090518950924,0.7562445927863394,-0.07454279428878935,-0.07422961637094228
650402,391,180,0.7681748887522182,0.7673769989624042,-0.08308100653289519,-0.08261907692672898
650489,258,118,0.7591546754525343,0.7589535146728769,-0.07456818866865689,-0.07444214217265832
650490,483,261,0.7282120165307199,0.7279574840588139,-0.056099797604997226,-0.05595616714795354
650859,282,204,0.7460380670200385,0.7461103276699581,-0.06755813456388704,-0.06762453742243324
656305,276,136,0.6951319574007999,0.6947045858657779,-0.031623434964743014,-0.03135788811488799
656716,200,153,0.7764765157826258,0.7760450376414992,-0.08548045133175619,-0.08519694361056934
656775,226,90,0.7417065362523098,0.7408293768711897,-0.06276603607121706,-0.062206815259339965
656811,272,166,0.7316065849985635,0.7314500464100782,-0.058621870613626614,-0.058538068199202986
656941,301,147,0.7338921611994205,0.7338806723682794,-0.05554894126742871,-0.05555400042031422
657656,190,132,0.7012585513132568,0.7005377931672793,-0.03816986703230152,-0.037763358035569516
657757,217,146,0.7500752941512348,0.7504605277965771,-0.06838853825844365,-0.06864215465612827
660271,335,185,0.7446915274609152,0.7445346080716109,-0.0660326534124639,-0.06593659919739986
660670,348,108,0.6842390687467381,0.6810955601780053,-0.028520858890594913,-0.02654944527070896
660688,318,111,0.7785448076457119,0.778674122167873,-0.08421056593134796,-0.08436322917818945
660821,307,162,0.7308154885325546,0.7314686327988918,-0.05430174652449893,-0.054938435631954496
661388,471,236,0.7446335038330275,0.744698227213868,-0.06602318963867737,-0.06611206214130438
663457,298,152,0.7470631902156969,0.7488535056109323,-0.06675044255684831,-0.06799311741391262
663538,474,252,0.7247457391211236,0.7234133940604243,-0.05362031542340506,-0.05278837172233358
663586,300,99,0.7306304177492462,0.7306393603839669,-0.05439612361195495,-0.05440181638740721
663616,162,172,0.757532830332535,0.7576374453031071,-0.07338362442709895,-0.07347065834432792
663624,299,110,0.7327698426699619,0.7326923022089155,-0.05657595238073121,-0.05663781060734624
663647,323,202,0.7818601372446382,0.7757853561909716,-0.09033176567364587,-0.0866587356892572
663656,268,145,0.7667195411148102,0.7669560330265426,-0.07812354453266579,-0.07831524282511787
663697,309,151,0.7250213437562839,0.7246477318720511,-0.05208844992628642,-0.051879386121232496
663728,222,111,0.7409277465680442,0.7443055503151811,-0.06058878676221302,-0.0631119007755564
663743,226,73,0.7403260746969724,0.745210447322277,-0.06089636597579445,-0.0652856961749711
663757,158,136,0.759867245261038,0.7582638107530253,-0.07539938346415226,-0.07441497706904299
663993,411,163,0.7533316936159415,0.7530891415864747,-0.07124664314674295,-0.07121520003248366
664023,330,153,0.7265720633106167,0.7258700475605065,-0.052626769617358626,-0.05220790008952997
664034,361,177,0.803495044635592,0.8032279455166361,-0.10383633182072155,-0.10368014029139211
664040,208,138,0.7422878249650382,0.7421615959634484,-0.06288033719157349,-0.06280714168062329
664056,231,146,0.7256347065432375,0.7258353772877089,-0.05346280631829636,-0.053614833304107656
664702,172,87,0.7296947425813064,0.7300089356923145,-0.056102961813792096,-0.056310053657432246
664728,248,137,0.7510901434324405,0.7511750493130377,-0.06958607574705367,-0.06964802680267301
664761,450,200,0.7643686658129094,0.7641844989388065,-0.07826795930952235,-0.07817000626865811
664983,282,85,0.7936195044194315,0.7942236212594298,-0.0940071255964387,-0.09440792672395498
665161,491,185,0.7308492699930007,0.7302288022151691,-0.05683460624091452,-0.05644214331277142
665487,350,229,0.7095604213919022,0.7098004614060015,-0.04299325613782018,-0.0431677363982671
665489,484,254,0.7451539259073792,0.7451173192904095,-0.06547960383841162,-0.06545803703403752
665742,455,198,0.704141186810921,0.7041892958370712,-0.04076178779792733,-0.04082168774905809
665833,194,146,0.7260315589864291,0.7254071323172758,-0.05181925668902332,-0.05149907049713082
665862,328,129,0.7651572990176614,0.7656029486498028,-0.0785965767634138,-0.07890509301941961
665926,449,139,0.7782673884033706,0.7784046627863647,-0.08802502492452219,-0.088115508579933
666023,209,119,0.7592837984005304,0.758884197013008,-0.07498781739963639,-0.07474000190067326
666134,188,103,0.7233862015335148,0.7232098143019634,-0.052772124173473434,-0.052665940257305977
666139,212,131,0.7584766394202695,0.7585456357867543,-0.07416928866149985,-0.07422171017285395
666158,173,159,0.7426288727241596,0.7426028150780889,-0.06265218990069477,-0.06263971852926736
666160,159,111,0.7578414714768748,0.7579498752692115,-0.0726493268130492,-0.07275022604739517
666182,342,246,0.7487851420610881,0.7485896655653019,-0.06843554093237975,-0.06889270724519564
666969,319,141,0.7388343596660802,0.7391786244973374,-0.06084683070534158,-0.06113050259415004
666971,381,165,0.753725687572556,0.7534255799202825,-0.0701490568659226,-0.06999283918654003
667670,216,174,0.7382245295795238,0.7385699323272076,-0.05854213918741269,-0.05880544148989991
668227,339,199,0.6935737495292805,0.6942897915964938,-0.03238468609409367,-0.03286181315680353
668709,229,83,0.7543042769503571,0.7561577667959792,-0.06768861533505433,-0.06883860580931322
668715,323,130,0.7639928256864015,0.7645837185220876,-0.07680220925900805,-0.07717635732859102
668804,422,195,0.7404999802784313,0.7400882940019158,-0.061996640166791295,-0.06185856818557284
668901,219,132,0.7878003973297304,0.7878155267008332,-0.09382785087020673,-0.09385130896361432
668930,359,199,0.746466139544732,0.7460177118720315,-0.06732308154264177,-0.06705717222789148
668939,378,113,0.723340759934073,0.7240498909839888,-0.04916219126158722,-0.0497705739365385
669016,236,120,0.7304838870446438,0.7303242782099173,-0.05658363413526735,-0.05648591405446224
669127,242,144,0.7358838085929015,0.7318858593528079,-0.058833744640111096,-0.05659780290096045
669221,207,85,0.821927948899407,0.8210361561411168,-0.11408084845580829,-0.11362186598290486
669242,276,144,0.7310502120838481,0.731052350783632,-0.05617094450234328,-0.05617112152806075
669257,291,106,0.6984711114582007,0.6974723335517058,-0.037370167987167635,-0.03679960499603718
669289,215,113,0.7573598683203625,0.7571703169909068,-0.07479297384700401,-0.07468303846728852
669394,321,109,0.7170411794245881,0.7163594766501682,-0.04747104561990367,-0.047034525932470594
669397,167,121,0.7494604541717904,0.7449592759835404,-0.06830375967923213,-0.06544340362420786
669701,214,176,0.7581972166332389,0.7588730940897235,-0.07439291610354515,-0.07479895783715451
669707,163,105,0.7195345594378288,0.7202124987132039,-0.048957761165894786,-0.04940585708266498
669720,238,119,0.7445964883539928,0.7438337000866889,-0.06644461282929298,-0.0659745106145414
669743,142,93,0.7393541908542501,0.7375054798994691,-0.06457976362773327,-0.0634577955991637
670623,259,92,0.7915692616093695,0.7914617952997464,-0.09514566009138609,-0.09511830327613319
670770,226,185,0.7827609734773887,0.7830260021372845,-0.08820876796967625,-0.088440174008792
671218,164,205,0.7168006931022485,0.7169997294547235,-0.048890277433851936,-0.04905643110189384
671277,399,182,0.7452516962664458,0.7452973221350497,-0.06740849529810045,-0.06743104044805759
671289,190,166,0.7332360924366949,0.732811731869859,-0.0591489021576731,-0.05889062639681253
671732,171,174,0.7447545053751915,0.7472559657760567,-0.06568990861475044,-0.0672370402682107
671739,364,240,0.7332788793030393,0.7333509864892157,-0.05939015653128271,-0.05945358097973735
672275,216,99,0.7696257585140021,0.7695929230339422,-0.0831281851014149,-0.08315064749045209
672356,153,138,0.7650866850313243,0.7655462475738927,-0.07802894441745578,-0.07840839634902269
672386,309,197,0.7901139945066891,0.7901299394724369,-0.09456245434710397,-0.09459193160586132
672515,303,92,0.7170085078837461,0.7168152832632816,-0.04586228564575795,-0.04579383655575564
672580,403,228,0.7318646771525382,0.7324569362814939,-0.055355372410155756,-0.05599636481008585
672640,179,220,0.7297544859771571,0.7300854935863363,-0.0527394831030345,-0.05296310188954656
672695,238,198,0.746231147985819,0.7457008873746649,-0.06457747323287966,-0.06428407554261056
672820,156,127,0.7867372798854092,0.7866746116214539,-0.09239668513664157,-0.0923751870454304
673237,380,205,0.725654009152213,0.7254791862203203,-0.052862797109363646,-0.05277752609616454
673357,226,101,0.6949523491516634,0.6947971145223557,-0.029442344053964897,-0.0294572575328651
673548,281,136,0.7098123094811596,0.7101046283946988,-0.040313679550357306,-0.04052896484762247
673962,196,142,0.7378608335871807,0.7377129857919599,-0.06226090630603448,-0.0621779198051467
676059,202,106,0.6861687058095355,0.6861816010158179,-0.028104244053438365,-0.028117129441065425
676391,171,186,0.7167222785130142,0.716273094415195,-0.04792027782872943,-0.04766498369636396
676475,316,168,0.7237078937457138,0.7274829857308521,-0.049081666171040816,-0.05223252356607366
676609,172,75,0.7265939819220483,0.728249307569576,-0.05585911392143478,-0.05684487240498831
676694,243,131,0.7375478605578316,0.7372019591952167,-0.060795320224126925,-0.060577235738518365
677587,174,121,0.7261107593799008,0.7266896190836122,-0.05480504409762316,-0.05515958967830803
677594,404,251,0.7011753160041119,0.7011005515386878,-0.03733963818003733,-0.03729860464060869
677950,230,162,0.7552807623043606,0.7553073167669744,-0.07210372969605866,-0.07213044287987314
677951,406,193,0.6829747085151994,0.6830557414848166,-0.02374281758246971,-0.02380661539102419
678662,338,93,0.7323855138770969,0.7324014781839842,-0.058264512876108066,-0.058445583699618275
678882,180,187,0.7331189421702714,0.734495004424925,-0.05694999918739252,-0.057915781482730744
679529,239,116,0.7928817666333683,0.7928020829480478,-0.09525249576184414,-0.09520598004034031
680757,426,220,0.755339250667263,0.7553100443950994,-0.07386399131051113,-0.0737968563225243
680776,333,189,0.7464406909292021,0.7467945064664908,-0.06433771171992442,-0.0645998295761927
680777,203,125,0.7914383113855954,0.7909459172132725,-0.09561553543835916,-0.09532534943856052
680977,342,176,0.7439039936029218,0.7435637280705006,-0.066539799920593,-0.06635332499483798
681082,427,173,0.7696990442105268,0.7697768532750707,-0.08038289674012838,-0.0804408873563246
681297,161,87,0.7519928184767753,0.7516530915082877,-0.0694025860515396,-0.06920583567008481
681351,176,114,0.7180731879017936,0.719296599207582,-0.04881989183274782,-0.049600427967818106
681481,222,114,0.7190693699333166,0.7187931210384341,-0.049905552038330525,-0.0497256745185326
682626,249,83,0.7502661609849177,0.7489655561683822,-0.06999651258682665,-0.06920290206102364
682829,311,230,0.7244745344839334,0.7246277012961599,-0.052670356097862914,-0.05280139413953033
682928,355,177,0.7466935558486804,0.7468434118220797,-0.06609091209201029,-0.06626027552522873
682985,302,178,0.7343546297918729,0.7413373031658206,-0.05874969857447321,-0.0635393838090969
682998,416,152,0.7516757122012809,0.7522948624545189,-0.06672827564027917,-0.06720581127822212
683002,403,211,0.729016234229124,0.7286640156442504,-0.0546331889301806,-0.05437803909639449
683011,412,167,0.7440079865102275,0.7439178337203868,-0.06489415773737572,-0.06484870126347653
683146,183,146,0.7598348033458954,0.7586586130038531,-0.07687886439433128,-0.07614190610623889
683734,362,150,0.7774791601417144,0.7767911401048534,-0.08866183429902452,-0.08826859327232595
683737,154,140,0.727094925036131,0.7270308220562256,-0.05267893517671923,-0.05268251135048507
686217,271,210,0.7845147432723946,0.7843684092807017,-0.09044918095209281,-0.0903563496196807
686469,250,199,0.7648738006563383,0.7650050716115921,-0.07687390372069486,-0.07700952717920395
686668,275,170,0.7200160324065799,0.7190634417150973,-0.049186840470036686,-0.04862717930681293
687263,258,122,0.7174970150666269,0.7168890678195352,-0.04699003267149249,-0.04651989512760024
687401,178,178,0.7469279924558633,0.7469092472789786,-0.06704269562064813,-0.06703014864236351
690993,189,132,0.7338803653723881,0.7330649749255996,-0.058400799127514114,-0.05796221907730953
691023,221,119,0.7069806016893755,0.7067774052432336,-0.040939031470159204,-0.04082532495819746
691026,236,151,0.7141183509416481,0.714594664762523,-0.04476076434703352,-0.045074361996649104
693304,169,146,0.7207610656781952,0.7211193823097437,-0.04839101471673779,-0.04863448124419256
694192,193,190,0.7276200612274482,0.7278509654396347,-0.05452767534418529,-0.05467636504151069
694384,239,178,0.760193983324416,0.7605249083095745,-0.07535704924826181,-0.07560779383956573
694671,153,120,0.7053444098698888,0.705522820405917,-0.03625363487804745,-0.036371701147979496
696285,223,133,0.7567386993183559,0.753656577947542,-0.07460611134055323,-0.07268686939580382
701538,172,131,0.7638737056801043,0.7644995030613922,-0.07638108121185799,-0.07680798367053399
807799,393,98,0.7389359990201758,0.736475043544434,-0.06266038420907194,-0.061199967428807844
